"row"	"col"	"size"	"circularity"	"colonysize"	"ncolonysize"	"kvp"
1	1	3861	0.861296037458488	3861	1.00468228699404	""
1	2	3060	0.889452054108164	3060	0.925128719373422	""
1	3	2962	0.915090209241565	2962	1.05171160006855	""
1	4	2721	0.917052723630194	2721	1.01968165737183	""
1	5	2557	0.904218388968663	2557	0.988367612688033	""
1	6	3119	0.916905342581816	3119	1.23512159099461	""
1	7	2423	0.921430826604521	2423	0.963649281308083	""
1	8	2742	0.891652028384202	2742	1.10149589534275	""
1	9	2338	0.924511517482669	2338	0.949752180864998	""
1	10	2443	0.906530819193868	2443	1.00541157558542	""
1	11	2290	0.871816675276386	2290	0.954293091717692	""
1	12	2419	0.911582115941051	2419	1.01647802501556	""
1	13	2550	0.895212896181447	2550	1.06450702738597	""
1	14	2544	0.932103108914926	2544	1.04723759214078	""
1	15	2507	0.912763191218236	2507	1.01822199935424	""
1	16	2687	0.894703922280335	2687	1.09037408222914	""
1	17	2306	0.922914645251348	2306	0.93169165904525	""
1	18	2630	0.904082769203101	2630	1.06039768790167	""
1	19	2229	0.912581710658653	2229	0.890529753921724	""
1	20	2636	0.915014980102612	2636	1.0551714470282	""
1	21	2310	0.919472377588511	2310	0.927759908573413	""
1	22	2489	0.911951508682882	2489	1.00757562435944	""
1	23	2447	0.922133707196259	2447	0.982639558543526	""
1	24	2711	0.927214377584545	2711	1.08618672447322	""
1	25	2287	0.904344670865211	2287	0.902378545760088	""
1	26	2462	0.919425315261187	2462	0.976254718341124	""
1	27	2382	0.881569105393719	2382	0.942893383913907	""
1	28	2525	0.903136058119461	2525	1.00016657746157	""
1	29	2191	0.911683152543474	2191	0.853549518257141	""
1	30	2942	0.908911342197395	2942	1.14416353026965	""
1	31	2391	0.918626353267008	2391	0.92220677845717	""
1	32	2689	0.898541366188608	2689	1.03717231727438	""
1	33	2188	0.910434841517627	2188	0.831161417338509	""
1	34	2922	0.92314865455035	2922	1.10597869021851	""
1	35	2413	0.912748157546142	2413	0.904730311742029	""
1	36	3223	0.881599704916322	3223	1.21248739746561	""
1	37	2544	0.91327274797971	2544	0.947848679869477	""
1	38	3223	0.899738810402458	3223	1.20826418450616	""
1	39	2827	0.896216598543225	2827	1.0627747064205	""
1	40	3123	0.905649339866462	3123	1.20006468088125	""
1	41	2486	0.908470245605927	2486	0.952177237059843	""
1	42	3378	0.883160161614423	3378	1.29462489842144	""
1	43	2503	0.906564579080673	2503	0.931602099684186	""
1	44	3197	0.881530155342352	3197	1.16821214371348	""
1	45	2748	0.887661159847675	2748	0.96708729616734	""
1	46	3623	0.892771678753521	3623	1.21288120694213	""
1	47	3565	0.872069383226402	3565	1.02594218581398	""
1	48	4846	0.818108123579968	4846	1.20893847185689	""
2	1	4832	0.85152082836308	4832	1.18722011350457	""
2	2	3386	0.876665040790672	3386	0.965687857859748	""
2	3	2848	0.90443216509013	2848	0.952801075220428	""
2	4	2733	0.902308802433763	2733	0.963865870042107	""
2	5	2556	0.923353533555805	2556	0.928244426009183	""
2	6	2623	0.916134821192643	2623	0.974245017147262	""
2	7	2531	0.881744692232583	2531	0.943722694799677	""
2	8	2672	0.916193693011232	2672	1.00618445071147	""
2	9	2679	0.892963842018234	2679	1.02005801352824	""
2	10	2732	0.905159949738352	2732	1.05462742447776	""
2	11	3168	0.889288734464151	3168	1.2386808394474	""
2	12	3726	0.898272186239435	3726	1.46952924443071	""
2	13	2342	0.885891498123939	2342	0.918197869323547	""
2	14	2498	0.893478761656402	2498	0.966774362560294	""
2	15	3641	0.908551126941299	3641	1.3914800156113	""
2	16	3788	0.894759100771421	3788	1.44606746464061	""
2	17	3644	0.891394342910802	3644	1.38516503185947	""
2	18	3840	0.896797209073048	3840	1.45565421835659	""
2	19	3658	0.899462370623361	3658	1.37285050172246	""
2	20	3715	0.89104200707447	3715	1.39573112974365	""
2	21	3564	0.915018176606571	3564	1.34277047865474	""
2	22	3767	0.914783165962927	3767	1.42899800560008	""
2	23	2848	0.880748265855381	2848	1.07117361497502	""
2	24	2912	0.904891954507173	2912	1.09189376033248	""
2	25	3959	0.895348108080278	3959	1.46237953482001	""
2	26	4043	0.89643497556424	4043	1.50078816159147	""
2	27	3589	0.90303607514237	3589	1.3314390064123	""
2	28	3780	0.908557464777936	3780	1.40487581228842	""
2	29	3097	0.915618964627002	3097	1.13394991311248	""
2	30	3585	0.911562121680162	3585	1.3118540449193	""
2	31	3068	0.894728199126822	3068	1.11558166523351	""
2	32	3551	0.905710773887048	3551	1.29316417304149	""
2	33	3883	0.880722618312478	3883	1.39567447838386	""
2	34	3165	0.886412364660469	3165	1.13522760752496	""
2	35	3047	0.898719930656754	3047	1.08408641682006	""
2	36	2660	0.909771392244518	2660	0.950502752701744	""
2	37	2919	0.890171106979525	2919	1.03369601375643	""
2	38	3017	0.919146562758062	3017	1.07488244200131	""
2	39	2358	0.886238003569768	2358	0.842469419893017	""
2	40	2353	0.906457347705198	2353	0.858600249780379	""
2	41	2905	0.913327744455577	2905	1.05681603623291	""
2	42	2662	0.873613884639187	2662	0.96849016798028	""
2	43	2702	0.899698547823396	2702	0.9549496114402	""
2	44	2697	0.897376985968536	2697	0.934454451539262	""
2	45	2788	0.886011078586565	2788	0.929066032964839	""
2	46	2724	0.879908660635031	2724	0.862627101818612	""
2	47	3448	0.889942930971832	3448	0.938035209257906	""
2	48	5050	0.897798515509216	5050	1.19047181628532	""
3	1	4125	0.872652314006386	4125	1.15404449563016	""
3	2	3404	0.898717499304125	3404	1.10397537935694	""
3	3	3291	0.911589125095276	3291	1.25014111374069	""
3	4	3015	0.89347776422427	3015	1.20522205722833	""
3	5	2573	0.904247823009985	2573	1.05657683911467	""
3	6	2649	0.908307295204624	2649	1.10986958802197	""
3	7	2270	0.920640427664617	2270	0.953598952657696	""
3	8	2413	0.927078791481928	2413	1.022602443076	""
3	9	2189	0.917022757133306	2189	0.937118972510624	""
3	10	2351	0.932187976372848	2351	1.02042859785129	""
3	11	2107	0.921159055951724	2107	0.926159609687469	""
3	12	2497	0.926568749704088	2497	1.10711469669631	""
3	13	2105	0.917656137515516	2105	0.92791167036317	""
3	14	2527	0.923453061402324	2527	1.10067199830868	""
3	15	2085	0.908937314356224	2085	0.897623183549832	""
3	16	2361	0.936153046455251	2361	1.01516022248713	""
3	17	2047	0.914868655420322	2047	0.876740440533821	""
3	18	2447	0.909007749797326	2447	1.0442524602639	""
3	19	2082	0.910229309203364	2082	0.878783452298282	""
3	20	2452	0.91569085013015	2452	1.03491582237929	""
3	21	2051	0.928479872177218	2051	0.867104985421616	""
3	22	2427	0.91804383686883	2427	1.03181491376348	""
3	23	2121	0.900679953233794	2121	0.893307758746169	""
3	24	2449	0.916994788697482	2449	1.02694407279591	""
3	25	2342	0.9175455392523	2342	0.967465885233535	""
3	26	2641	0.908819322242789	2641	1.09583152617588	""
3	27	2218	0.917785009529014	2218	0.920822702537782	""
3	28	2595	0.904040883581016	2595	1.08094435032354	""
3	29	2248	0.930198693156548	2248	0.924438175254053	""
3	30	2625	0.908877037901706	2625	1.08079767483725	""
3	31	2181	0.935144036802756	2181	0.894733856245205	""
3	32	2626	0.914840601265414	2626	1.0810613704346	""
3	33	2347	0.907591373863175	2347	0.95612959764708	""
3	34	2586	0.903211836677154	2586	1.05337707843597	""
3	35	2274	0.887500444322155	2274	0.920799546635563	""
3	36	2571	0.911514140153775	2571	1.04728911364978	""
3	37	2568	0.924284349140222	2568	1.03785975642593	""
3	38	2846	0.902239985657594	2846	1.15736633716408	""
3	39	0	0	0	0	""
3	40	2462	0.907094105518752	2462	1.0248530024275	""
3	41	2121	0.892067311453306	2121	0.881030280317235	""
3	42	2198	0.908461044372806	2198	0.913210360610306	""
3	43	2376	0.91880575385552	2376	0.960258774083992	""
3	44	2623	0.902625173132463	2623	1.03999231741929	""
3	45	2463	0.911546896131289	2463	0.939921582461847	""
3	46	2702	0.916199643980039	2702	0.980674447915721	""
3	47	2899	0.886189220855206	2899	0.90498904263033	""
3	48	3860	0.894291105972388	3860	1.04565631657217	""
4	1	4746	0.885786479505631	4746	1.08659239167379	""
4	2	3665	0.903925650373666	3665	0.9712842189313	""
4	3	3279	0.906199356527029	3279	1.0162214725818	""
4	4	3012	0.905866318097246	3012	0.980676688781418	""
4	5	3001	0.906858820222284	3001	1.00165226144551	""
4	6	2903	0.902095241735689	2903	0.986387688907773	""
4	7	2852	0.928093094714196	2852	0.970983810512642	""
4	8	2796	0.928676906377255	2796	0.959790304555924	""
4	9	2924	0.901180654571083	2924	1.01361361235904	""
4	10	2852	0.910407727794015	2852	1.00310688717851	""
4	11	2841	0.922234625043984	2841	1.01244290401649	""
4	12	2830	0.939969830131484	2830	1.01764879510269	""
4	13	2742	0.932111124650404	2742	0.980976016564411	""
4	14	2966	0.90974708571899	2966	1.04952495996175	""
4	15	2841	0.896280316591308	2841	0.994614573450843	""
4	16	2975	0.907248730135007	2975	1.03999517627052	""
4	17	2899	0.909233004778862	2899	1.009815505587	""
4	18	3093	0.932439626678646	3093	1.07299624636236	""
4	19	3004	0.91828645031012	3004	1.03003155406108	""
4	20	3055	0.911396309657514	3055	1.04654710512551	""
4	21	2946	0.918589569377225	2946	1.01027763623849	""
4	22	2987	0.9078363857911	2987	1.02897746013561	""
4	23	2978	0.91873787851201	2978	1.01566704566011	""
4	24	2896	0.940088516060323	2896	0.982438238373566	""
4	25	2936	0.928507268148925	2936	0.981411410413955	""
4	26	2970	0.922915214590077	2970	0.996878616546853	""
4	27	3046	0.92576820593227	3046	1.02377434874025	""
4	28	3037	0.92837415099595	3037	1.02523591451641	""
4	29	2984	0.909993348142138	2984	0.99608759396955	""
4	30	2978	0.91873787851201	2978	0.996497197770163	""
4	31	2818	0.909345641196153	2818	0.941491905270265	""
4	32	3004	0.920488292243179	3004	1.00880728746585	""
4	33	3077	0.911851104649445	3077	1.02497199058291	""
4	34	3100	0.912206489920552	3100	1.03416726147983	""
4	35	2787	0.917852586663603	2787	0.925739455503805	""
4	36	2982	0.937536431658014	2982	0.997610577962381	""
4	37	2948	0.930036738229911	2948	0.979185649879947	""
4	38	3132	0.895184309296952	3132	1.04653661078898	""
4	39	2908	0.914270940060867	2908	0.974178407978228	""
4	40	3089	0.910221302526366	3089	1.05535707669821	""
4	41	2475	0.919409146198767	2475	0.843981965023683	""
4	42	2617	0.925435871697689	2617	0.892131349747378	""
4	43	2806	0.913123851251064	2806	0.931304060622438	""
4	44	3023	0.911336886986598	3023	0.984343796394965	""
4	45	2882	0.909215020209839	2882	0.903281096412988	""
4	46	3212	0.90960960316838	3212	0.957749831540953	""
4	47	3307	0.921080449063412	3307	0.848728964029163	""
4	48	3795	0.885520351308072	3795	0.845927518515901	""
5	1	2694	0.91023911906321	2694	0.728999430712079	""
5	2	3192	0.913208668214189	3192	1.00069569442033	""
5	3	3243	0.915403763186922	3243	1.18989779672857	""
5	4	3018	0.915072997332822	3018	1.16413815127005	""
5	5	2374	0.929039443092399	2374	0.939071139037187	""
5	6	2306	0.929047105959174	2306	0.929028455357709	""
5	7	2638	0.932861990652848	2638	1.06443133234891	""
5	8	2690	0.895702847388947	2690	1.0929771957233	""
5	9	2508	0.916509805301555	2508	1.02788723262775	""
5	10	2551	0.921547286424436	2551	1.0608135596958	""
5	11	2597	0.920732097230398	2597	1.09404446425055	""
5	12	2521	0.915467534283287	2521	1.07136295896626	""
5	13	2050	0.924216274550226	2050	0.866774357517811	""
5	14	2221	0.930428297667004	2221	0.929610420139964	""
5	15	2302	0.929989202354868	2302	0.954235892174105	""
5	16	2569	0.916499507650058	2569	1.06326317270286	""
5	17	2285	0.935508842016609	2285	0.942947264225808	""
5	18	2603	0.917143119923485	2603	1.0691913072911	""
5	19	2233	0.917811164580263	2233	0.905715256202476	""
5	20	2585	0.914119880908875	2585	1.04643518584556	""
5	21	2171	0.921912389660805	2171	0.879181224914555	""
5	22	2530	0.924549364997183	2530	1.02829806923946	""
5	23	2325	0.907404807849169	2325	0.934936398934539	""
5	24	2656	0.908403314962947	2656	1.0611399247935	""
5	25	2377	0.927699453013968	2377	0.93587431427512	""
5	26	2681	0.924931443466431	2681	1.05987456378626	""
5	27	2359	0.903904827715435	2359	0.935218972196073	""
5	28	2617	0.922075891217733	2617	1.04363087303814	""
5	29	2185	0.900579837912269	2185	0.863325481998061	""
5	30	2549	0.907017676902388	2549	1.01120283549812	""
5	31	2420	0.929768203641221	2420	0.961076885600979	""
5	32	2689	0.890913288743202	2689	1.07580830730432	""
5	33	2384	0.921899375922374	2384	0.948864058833534	""
5	34	2610	0.931126397417925	2610	1.04241336130152	""
5	35	2279	0.915651563834817	2279	0.907897737014513	""
5	36	2291	0.914405327982385	2291	0.920390879332039	""
5	37	2330	0.909356216038092	2330	0.930394844819636	""
5	38	2497	0.890813262204046	2497	1.00325148097763	""
5	39	2940	0.903938146128696	2940	1.18440752300185	""
5	40	3104	0.925108175402145	3104	1.27410058427969	""
5	41	2181	0.926158876946206	2181	0.893890376673497	""
5	42	2494	0.92545553134241	2494	1.02142485725902	""
5	43	2506	0.899631095297623	2506	1.00008360731456	""
5	44	2806	0.926409988887354	2806	1.09897420820717	""
5	45	2494	0.919591724481647	2494	0.940541433907187	""
5	46	2985	0.917773934079645	2985	1.07147918739197	""
5	47	3042	0.907518027488758	3042	0.940682388186834	""
5	48	4430	0.899360889054862	4430	1.19109997650742	""
6	1	4368	0.890964517542633	4368	0.969560184585055	""
6	2	3171	0.907200716449622	3171	0.816525214686945	""
6	3	3406	0.918877341272786	3406	1.02771820395133	""
6	4	3179	0.911599033397432	3179	1.00958194381747	""
6	5	2659	0.909429372924125	2659	0.866939905440806	""
6	6	2582	0.926914400661797	2582	0.858484587171617	""
6	7	2955	0.90330774323116	2955	0.984208115258752	""
6	8	2968	0.92544936928432	2968	0.995023971259288	""
6	9	2958	0.916972102082808	2958	1.00008113252589	""
6	10	3039	0.928985526795091	3039	1.04322443349773	""
6	11	3031	0.918107924891211	3031	1.05450974011842	""
6	12	3163	0.927661554178857	3163	1.11065093758626	""
6	13	2723	0.931318609429256	2723	0.952240329486588	""
6	14	2933	0.914536051250306	2933	1.01641351314817	""
6	15	3039	0.918341870928198	3039	1.04404168019351	""
6	16	3274	0.922032290778211	3274	1.12260445075191	""
6	17	3037	0.917737499838413	3037	1.03857022223842	""
6	18	3245	0.91895490731052	3245	1.10397816933728	""
6	19	3006	0.922663894304661	3006	1.00925593459415	""
6	20	3086	0.928121997891136	3086	1.03327619746387	""
6	21	2792	0.927348327112051	2792	0.934753397266414	""
6	22	2894	0.926078529228044	2894	0.971531000846352	""
6	23	2958	0.927737574382848	2958	0.982137403480047	""
6	24	2999	0.929681992612015	2999	0.988669203955932	""
6	25	3019	0.920666862614314	3019	0.981304218151067	""
6	26	3039	0.91616037034478	3039	0.9917417198791	""
6	27	3073	0.918937769755185	3073	1.006504640297	""
6	28	3153	0.910100909628428	3153	1.03964819702165	""
6	29	2968	0.920072075382614	2968	0.971061533683685	""
6	30	2961	0.902979324346136	2961	0.973775580487636	""
6	31	2975	0.916898921801974	2975	0.981422324619061	""
6	32	3074	0.910962072048227	3074	1.02315795877207	""
6	33	2969	0.895057630652732	2969	0.985354987132405	""
6	34	3235	0.930706114508611	3235	1.0791506560894	""
6	35	2654	0.913292874378024	2654	0.884542977189823	""
6	36	2784	0.913651786189142	2784	0.936978766897847	""
6	37	2791	0.921457690301	2791	0.934706607405483	""
6	38	3019	0.917562118749023	3019	1.01741577060332	""
6	39	3371	0.921471555972847	3371	1.13893557159265	""
6	40	3598	0.900573231537808	3598	1.2375780443882	""
6	41	2667	0.923419070508134	2667	0.916084199851066	""
6	42	2847	0.918703704927412	2847	0.976663013875322	""
6	43	2894	0.915224807228538	2894	0.967959146998203	""
6	44	3094	0.92212780112572	3094	1.01592425808161	""
6	45	2969	0.912854542808196	2969	0.939051962279134	""
6	46	3448	0.910334294242251	3448	1.03855917854513	""
6	47	3348	0.910204122228271	3348	0.869525103367039	""
6	48	4808	0.90622162495064	4808	1.08698011204095	""
7	1	4610	0.894753014723906	4610	1.19242843669797	""
7	2	3501	0.907610288045225	3501	1.05206517578784	""
7	3	2895	0.920945792253113	2895	1.02093175068153	""
7	4	2789	0.920797383822819	2789	1.03668861272172	""
7	5	2678	0.929594126219574	2678	1.02366954869578	""
7	6	2612	0.91795387240656	2612	1.0201359316593	""
7	7	2606	0.905557740123983	2606	1.0195123432079	""
7	8	2598	0.921086634041037	2598	1.02207689878303	""
7	9	2564	0.91708548634388	2564	1.01641250742595	""
7	10	2604	0.90717628548939	2604	1.0485891828185	""
7	11	2352	0.932584483381088	2352	0.960051578076275	""
7	12	2277	0.926030619848096	2277	0.938019463802416	""
7	13	2445	0.933317382299404	2445	1.00335634162992	""
7	14	2329	0.923464822191562	2329	0.947394662381354	""
7	15	2412	0.929186197477662	2412	0.973123404494398	""
7	16	2421	0.924155984681741	2421	0.974796213818729	""
7	17	2299	0.914059573040263	2299	0.923316368909474	""
7	18	2309	0.927704897277136	2309	0.922089589038478	""
7	19	2579	0.925837428081632	2579	1.0156679116669	""
7	20	2657	0.919956681792317	2657	1.04287466883869	""
7	21	2443	0.920626337016944	2443	0.958798841203308	""
7	22	2642	0.936686253709169	2642	1.03958148230052	""
7	23	2416	0.913882945972432	2416	0.940376506600232	""
7	24	2658	0.904501683667894	2658	1.02667370662094	""
7	25	2972	0.926696605631064	2972	1.13223959679518	""
7	26	3164	0.905198065861433	3164	1.21048729318895	""
7	27	2403	0.917284936468494	2403	0.923499058521064	""
7	28	2560	0.924798531260901	2560	0.991136632999368	""
7	29	2575	0.907277577334988	2575	0.990414187400374	""
7	30	2734	0.935080821953576	2734	1.05794913972532	""
7	31	2508	0.925761554927334	2508	0.974771846991069	""
7	32	2618	0.928177370253824	2618	1.0283955484815	""
7	33	2417	0.928615598430095	2417	0.948902106199854	""
7	34	2474	0.929835801879392	2474	0.977956479543271	""
7	35	2395	0.920163160215175	2395	0.947614847187972	""
7	36	2657	0.903216359663065	2657	1.06262825704926	""
7	37	2194	0.92536636820512	2194	0.874373277452821	""
7	38	2307	0.926901341714314	2307	0.925787335438661	""
7	39	1817	0.926880583583648	1817	0.731266179313487	""
7	40	2095	0.922275001120417	2095	0.857998166356765	""
7	41	2445	0.913076724538424	2445	0.99928389407543	""
7	42	2611	0.901731269360402	2611	1.06552331040185	""
7	43	2530	0.930418322002777	2530	1.00749129079808	""
7	44	2664	0.919066529427293	2664	1.04220639107989	""
7	45	2563	0.920093574320753	2563	0.967158736655782	""
7	46	2917	0.924748432242868	2917	1.04916802078354	""
7	47	3151	0.913769154633117	3151	0.978390481136955	""
7	48	4437	0.90078200106917	4437	1.20092621842163	""
8	1	4598	0.910115749212996	4598	1.01133008174653	""
8	2	3562	0.916513955745262	3562	0.911579976890289	""
8	3	3095	0.904716079215744	3095	0.931185957937433	""
8	4	2972	0.923536706317074	2972	0.944252445526025	""
8	5	2902	0.910173915097709	2902	0.950425364611954	""
8	6	2802	0.919559017565365	2802	0.939910795313581	""
8	7	2984	0.901721665959112	2984	1.00283654955345	""
8	8	2974	0.921932059362499	2974	1.00505820579079	""
8	9	2900	0.911755751780095	2900	0.987417916333266	""
8	10	2963	0.921661033285266	2963	1.02509222691163	""
8	11	2492	0.936600977479161	2492	0.874580556541105	""
8	12	2520	0.929178486645449	2520	0.892726634820764	""
8	13	3034	0.922121056073049	3034	1.0712471415679	""
8	14	3105	0.928506923231321	3105	1.08685009758837	""
8	15	2795	0.933961739865065	2795	0.97065695513575	""
8	16	3078	0.90786345472973	3078	1.0670621916077	""
8	17	2642	0.920414649102522	2642	0.913646336338267	""
8	18	2740	0.915583244089545	2740	0.94221986817821	""
8	19	3050	0.91947651515353	3050	1.03450155126833	""
8	20	3256	0.919073281818261	3256	1.10084372163743	""
8	21	3059	0.911696491158235	3059	1.03473236265173	""
8	22	3336	0.909843762293037	3336	1.13161385190991	""
8	23	2898	0.91648980350667	2898	0.972911311230165	""
8	24	3089	0.925912948688889	3089	1.02926677008538	""
8	25	3614	0.909326379371559	3614	1.18821311143416	""
8	26	3850	0.901016596325314	3850	1.27172405389496	""
8	27	2888	0.916479901392878	2888	0.959147242333541	""
8	28	3141	0.923372773661264	3141	1.05113005620968	""
8	29	3341	0.899318249901894	3341	1.1116477161638	""
8	30	3634	0.893561031942399	3634	1.21698679746321	""
8	31	2889	0.91142338424227	2889	0.972649094206646	""
8	32	3064	0.921505444438899	3064	1.04353665688154	""
8	33	2742	0.908473126713968	2742	0.934577274243446	""
8	34	2998	0.929371995282034	2998	1.02993034255677	""
8	35	2861	0.917764643969206	2861	0.984933069511364	""
8	36	3125	0.929169730640265	3125	1.08801196707439	""
8	37	2467	0.91302728085907	2467	0.856789842262768	""
8	38	2593	0.921688183469587	2593	0.906658854657731	""
8	39	2273	0.936850330240086	2273	0.796939026506613	""
8	40	2304	0.913552146985556	2304	0.821688290479268	""
8	41	2827	0.9254669628928	2827	1.005435134261	""
8	42	3005	0.895602470065543	3005	1.06686779110036	""
8	43	2745	0.906270641302846	2745	0.951614216019942	""
8	44	3007	0.93216197125186	3007	1.02493678846518	""
8	45	2854	0.923231504699926	2854	0.939144776722008	""
8	46	3446	0.929668619502649	3446	1.08178385389453	""
8	47	3857	0.90454814990106	3857	1.04658709523658	""
8	48	5151	0.895906050991098	5151	1.22019653836109	""
9	1	4476	0.880170131880503	4476	1.10335052464352	""
9	2	3425	0.907113161566063	3425	0.98357359300122	""
9	3	3010	0.882788896009598	3010	1.01765307423716	""
9	4	2841	0.92451349301649	2841	1.01579545722898	""
9	5	2783	0.916535252488269	2783	1.02751803179388	""
9	6	2780	0.912339068105537	2780	1.0536068712489	""
9	7	2640	0.918058438063178	2640	1.00210998879731	""
9	8	2693	0.900811470461124	2693	1.02746181510666	""
9	9	2591	0.92434808264745	2591	0.995349457693246	""
9	10	2680	0.908739839328832	2680	1.04591999423253	""
9	11	2527	0.915257167933224	2527	1.00044634601692	""
9	12	2485	0.911474976534521	2485	0.993018239213789	""
9	13	2487	0.900769519845639	2487	0.990552634350776	""
9	14	2386	0.921644797648705	2386	0.942199642844359	""
9	15	2465	0.926453214079508	2465	0.965560869668582	""
9	16	2620	0.923132913637929	2620	1.02450151731228	""
9	17	2606	0.904601304304783	2606	1.01671428600441	""
9	18	2557	0.904218388968662	2557	0.992331677288508	""
9	19	2603	0.922859318094234	2603	0.996947241557989	""
9	20	2671	0.919142904093332	2671	1.02069963986094	""
9	21	1852	0.917146202363398	1852	0.70873179787144	""
9	22	2206	0.927817298003768	2206	0.847436466935865	""
9	23	2557	0.901895141602678	2557	0.973156925687033	""
9	24	2560	0.927209477605482	2560	0.967994005974638	""
9	25	2508	0.922327727898405	2508	0.936409480230854	""
9	26	2629	0.932077275170857	2629	0.986825702147259	""
9	27	2625	0.9306591279283	2625	0.991119663364628	""
9	28	2658	0.911393276955036	2658	1.01167428662253	""
9	29	2188	0.935491741124097	2188	0.82829628005585	""
9	30	2489	0.921169396861866	2489	0.948758283148599	""
9	31	2540	0.91996565356169	2540	0.973825462293358	""
9	32	2620	0.92313291363793	2620	1.01638882739272	""
9	33	2465	0.934905328683875	2465	0.957681243224064	""
9	34	2611	0.925695612579349	2611	1.02288999554059	""
9	35	2421	0.926632728456086	2421	0.950811124052048	""
9	36	2540	0.91996565356169	2540	1.00904105435632	""
9	37	2427	0.923973393404275	2427	0.961960138283952	""
9	38	2491	0.92779917564568	2491	0.993987312026488	""
9	39	2510	0.914845015112096	2510	1.0040540463759	""
9	40	2593	0.922674317853234	2593	1.05475927518243	""
9	41	2398	0.898884553838868	2398	0.972347265847587	""
9	42	2524	0.934122763229952	2524	1.02091065222929	""
9	43	2476	0.898439782455113	2476	0.978822808025412	""
9	44	2654	0.892228130781594	2654	1.03124554827123	""
9	45	2733	0.929051678945862	2733	1.02516385694013	""
9	46	3346	0.902690423927993	3346	1.19717019474608	""
9	47	0	0	0	0	""
9	48	0	0	0	0	""
10	1	4640	0.903305564545102	4640	0.982766203132137	""
10	2	3524	0.916427293434134	3524	0.871202007957309	""
10	3	3101	0.922033707108948	3101	0.90418434479114	""
10	4	2969	0.920382072712595	2969	0.917270035999017	""
10	5	3025	0.914111273299704	3025	0.967327854269336	""
10	6	3016	0.898258996693308	3016	0.992948645112825	""
10	7	3073	0.918937769755185	3073	1.01402982849845	""
10	8	3084	0.906616247682693	3084	1.02313959393265	""
10	9	3026	0.915315473548716	3026	1.01084723205221	""
10	10	3126	0.921123920912081	3126	1.0606689459725	""
10	11	2942	0.909817906652575	2942	1.01287224749415	""
10	12	3040	0.896655263930597	3040	1.05714701339344	""
10	13	2822	0.91606691723834	2822	0.97911644407397	""
10	14	3079	0.913335116601435	3079	1.05979150572443	""
10	15	3006	0.913611039734867	3006	1.02703800822105	""
10	16	3205	0.922075145904204	3205	1.0932957299218	""
10	17	2902	0.910173915097709	2902	0.988336725777265	""
10	18	3129	0.912517775445836	3129	1.06079749893173	""
10	19	2939	0.924017294648862	2939	0.984367736994039	""
10	20	3218	0.912539791804858	3218	1.07639590160071	""
10	21	2373	0.940911130554134	2373	0.795554410457485	""
10	22	2433	0.909591814664317	2433	0.819457604133374	""
10	23	3035	0.89940464823239	3035	1.0138053004319	""
10	24	3282	0.91203246866086	3282	1.08988184606624	""
10	25	2961	0.923266705677517	2961	0.971859870493146	""
10	26	3216	0.920074898802266	3216	1.06174407994551	""
10	27	2937	0.918001043343964	2937	0.976019634247351	""
10	28	3222	0.909476079243991	3222	1.07950820999796	""
10	29	2723	0.920037535712368	2723	0.907441619732389	""
10	30	2914	0.921549788619198	2914	0.977645878151915	""
10	31	2862	0.91808542853543	2862	0.965422351877012	""
10	32	2951	0.905146206998227	2951	1.00645317081817	""
10	33	2884	0.919690698263537	2884	0.98425088549772	""
10	34	2990	0.906583254481491	2990	1.02815194908704	""
10	35	2783	0.901182785055818	2783	0.958629922505931	""
10	36	2927	0.902105258525841	2927	1.01884835607056	""
10	37	2746	0.919888689896464	2746	0.953217919454274	""
10	38	2895	0.915541056298071	2895	1.01125517258094	""
10	39	2738	0.903959568629214	2738	0.958254476049306	""
10	40	2807	0.913449269587219	2807	0.998690047005896	""
10	41	2634	0.904113059899795	2634	0.933675808721766	""
10	42	2703	0.892404205261054	2703	0.955255142675336	""
10	43	2713	0.91665877135059	2713	0.937646332542629	""
10	44	2981	0.913440612242649	2981	1.0106500546571	""
10	45	3026	0.912241290116257	3026	0.988584121226651	""
10	46	3795	0.92355187580242	3795	1.18056301915677	""
10	47	0	0	0	0	""
10	48	0	0	0	0	""
11	1	4591	0.894473889751865	4591	1.08826750271647	""
11	2	3473	0.914898548445618	3473	0.962562200879166	""
11	3	3056	0.903497434904785	3056	1.00091275517274	""
11	4	2908	0.89930335572593	2908	1.01087229484889	""
11	5	2856	0.923878478424313	2856	1.02961996809346	""
11	6	2852	0.914877582873182	2852	1.06101215428642	""
11	7	2443	0.926561346034364	2443	0.910452952056131	""
11	8	2451	0.923641077375576	2451	0.917768505902788	""
11	9	2592	0.905307455787773	2592	0.976470235353702	""
11	10	2694	0.91023911906321	2694	1.02993942504373	""
11	11	2600	0.925165147095414	2600	1.00798886084992	""
11	12	2456	0.92552529009972	2456	0.961274804596926	""
11	13	2460	0.912839056576715	2460	0.9605053298844	""
11	14	2478	0.917098338860468	2478	0.959606290689347	""
11	15	2625	0.916833360896183	2625	1.00864036309182	""
11	16	2543	0.921052227168258	2543	0.975331452664401	""
11	17	2565	0.92660477839227	2565	0.982368797013693	""
11	18	2419	0.909164431991209	2419	0.922572934279428	""
11	19	2572	0.919946907518121	2572	0.969682299086898	""
11	20	2601	0.93373522700284	2601	0.979904360863751	""
11	21	2680	0.922239978648494	2680	1.01238200269056	""
11	22	2691	0.907886742351446	2691	1.02199924655468	""
11	23	2570	0.91685626105903	2570	0.968817406485277	""
11	24	2585	0.930403053943721	2585	0.969647861660347	""
11	25	2679	0.908400757299232	2679	0.99411622517765	""
11	26	2672	0.916193693011232	2672	0.997824643606072	""
11	27	2203	0.929162310463026	2203	0.82834010547129	""
11	28	2320	0.9198962591174	2320	0.879894678003228	""
11	29	2700	0.915521479920838	2700	1.01914009076216	""
11	30	2760	0.913493755674387	2760	1.04944835782384	""
11	31	2593	0.913619711856164	2593	0.991758807351934	""
11	32	2606	0.915845249422472	2606	1.00797147520509	""
11	33	2510	0.917240674364794	2510	0.971633804081679	""
11	34	2604	0.923213854904874	2604	1.01563136013204	""
11	35	2517	0.912619844229686	2517	0.98358638065916	""
11	36	2630	0.924279741358826	2630	1.03859406510476	""
11	37	2452	0.921567253924119	2452	0.965710313443297	""
11	38	2580	0.912351757348123	2580	1.02251138113032	""
11	39	2461	0.919051868748083	2461	0.977100391605854	""
11	40	2550	0.929424218540177	2550	1.02919702888786	""
11	41	2422	0.898738290662116	2422	0.974023879095996	""
11	42	2504	0.901249225174111	2504	1.00382843736797	""
11	43	2727	0.927012048476168	2727	1.06940073530153	""
11	44	2921	0.918358121017123	2921	1.12248067719168	""
11	45	2680	0.922239978648495	2680	0.991614861935559	""
11	46	3156	0.89874245163251	3156	1.11082611287271	""
11	47	3658	0.90139630165067	3658	1.10997268983712	""
11	48	5073	0.893991134579037	5073	1.34093532777429	""
12	1	4598	0.899984661352306	4598	0.957954930859317	""
12	2	3466	0.899357695963022	3466	0.846157264587559	""
12	3	3191	0.920182763056452	3191	0.922721344268442	""
12	4	3062	0.910437668870558	3062	0.941987996897069	""
12	5	3006	0.924230635123421	3006	0.961707202495784	""
12	6	3017	0.911693788940564	3017	0.999292209549896	""
12	7	2769	0.906479667580532	2769	0.919210400936159	""
12	8	2759	0.929859781145059	2759	0.920894768886841	""
12	9	3061	0.91229256601352	3061	1.0282233573939	""
12	10	3136	0.912424892480179	3136	1.06893244450805	""
12	11	3117	0.916317394301866	3117	1.07735635621475	""
12	12	3289	0.899900109265415	3289	1.1475326082579	""
12	13	2940	0.924331693183958	2940	1.02374402000614	""
12	14	3009	0.873433296638505	3009	1.03916269230123	""
12	15	2933	0.919896655059125	2933	1.00459570866813	""
12	16	3085	0.924713967855366	3085	1.05418472780597	""
12	17	2873	0.904175851330066	2873	0.980119030078223	""
12	18	3003	0.925528558713052	3003	1.02043280485399	""
12	19	2884	0.90233950593443	2884	0.969260297329097	""
12	20	3139	0.913297747925791	3139	1.05477072231837	""
12	21	2963	0.903589239458832	2963	0.9992631761053	""
12	22	3079	0.883771789153625	3079	1.04461870730734	""
12	23	2822	0.902123265422608	2822	0.951314483255276	""
12	24	3059	0.922189724542508	3059	1.02735715424255	""
12	25	2905	0.895324829524281	2905	0.966170542013231	""
12	26	3243	0.915403763186922	3243	1.08632598681644	""
12	27	2569	0.908461885514468	2569	0.866785974187162	""
12	28	2770	0.931225290981543	2770	0.942853386352791	""
12	29	2918	0.850983339325966	2918	0.988747086478078	""
12	30	3222	0.914547154615451	3222	1.09970609685307	""
12	31	2846	0.907572720963255	2846	0.976920438106863	""
12	32	2992	0.889624266904216	2992	1.03857287977743	""
12	33	2769	0.914194319041013	2769	0.962005435021076	""
12	34	2906	0.876065164929889	2906	1.01704108520402	""
12	35	2813	0.915401779604149	2813	0.986131110098177	""
12	36	2903	0.918071048854335	2903	1.02806099302813	""
12	37	2701	0.921459838467542	2701	0.953926493508067	""
12	38	2857	0.924201965286506	2857	1.01530325037112	""
12	39	2635	0.9260369271789	2635	0.938233304040512	""
12	40	2772	0.909713631938327	2772	1.00322281608349	""
12	41	2598	0.924453481597648	2598	0.936299193724066	""
12	42	2841	0.913587567159239	2841	1.01959914503382	""
12	43	2947	0.918901378463912	2947	1.03365329773534	""
12	44	3197	0.921912971949696	3197	1.09470004737767	""
12	45	2925	0.914250272993223	2925	0.961086393142965	""
12	46	3266	0.91174277219188	3266	1.01752067157855	""
12	47	3320	0.919621967583201	3320	0.888921926275366	""
12	48	4458	0.884812895471306	4458	1.03657328016566	""
13	1	4499	0.891230809555879	4499	1.03316843303936	""
13	2	3449	0.920457640758543	3449	0.930169693561773	""
13	3	3236	0.918520978378523	3236	1.03602547458875	""
13	4	3027	0.919993551988504	3027	1.03330810703417	""
13	5	2865	0.916798543966256	2865	1.01949671929996	""
13	6	2831	0.926776431535025	2831	1.04593767543377	""
13	7	2692	0.928726387844698	2692	0.996517301211732	""
13	8	2835	0.90942424524736	2835	1.05510234818371	""
13	9	2627	0.931368201549579	2627	0.983318232884645	""
13	10	2743	0.924467335875642	2743	1.04086731936034	""
13	11	2035	0.939836184944122	2035	0.782293360374495	""
13	12	1916	0.932214602472219	1916	0.743071540441376	""
13	13	2587	0.920539321359936	2587	1.00098338962163	""
13	14	2547	0.91198271913853	2547	0.97712201968109	""
13	15	2542	0.92650837785456	2542	0.966689641852498	""
13	16	2365	0.918043765649474	2365	0.896808647468912	""
13	17	2717	0.918967865993562	2717	1.02840007922813	""
13	18	2563	0.92248473008037	2563	0.966251021368907	""
13	19	2707	0.920213280243853	2707	1.00973398753711	""
13	20	2600	0.921795707662316	2600	0.970210818083661	""
13	21	2737	0.909080362215503	2737	1.02554371084755	""
13	22	2640	0.89517655814482	2640	0.99582416689484	""
13	23	2704	0.91687780803924	2704	1.01445725587408	""
13	24	2605	0.912180197292104	2605	0.974648735895875	""
13	25	2615	0.924728622273388	2615	0.969829892216609	""
13	26	2663	0.908495945886363	2663	0.995493924693313	""
13	27	2632	0.905722247687626	2632	0.991707214405371	""
13	28	2588	0.923277822420533	2588	0.984282996100617	""
13	29	2605	0.93517119044306	2605	0.986860720700284	""
13	30	2625	0.922522555538753	2625	1.00224782428179	""
13	31	2612	0.917953872406561	2612	1.00336188558065	""
13	32	2724	0.925992233241321	2724	1.05831647969866	""
13	33	2525	0.92857955061542	2525	0.98202574852075	""
13	34	2678	0.91361327190525	2678	1.04942498078012	""
13	35	1545	0.897812615858018	1545	0.606584821413594	""
13	36	1936	0.900498817006501	1936	0.767878832073179	""
13	37	2598	0.932658254422676	2598	1.02792348869524	""
13	38	2506	0.914086677644727	2506	0.997966240332411	""
13	39	2435	0.915177921413225	2435	0.971779363118352	""
13	40	2458	0.909696415221562	2458	0.997164773473776	""
13	41	2406	0.920891509568502	2406	0.972219797277355	""
13	42	2459	0.924198155546251	2459	0.989357792638284	""
13	43	2395	0.928651366340424	2395	0.941410864745938	""
13	44	2622	0.907838321286961	2622	1.00366027695291	""
13	45	2577	0.92173529575202	2577	0.944535138253181	""
13	46	2999	0.913662758273593	2999	1.03994831012682	""
13	47	3138	0.912124361369745	3138	0.933193381992771	""
13	48	4612	0.902724936528237	4612	1.18877366134773	""
14	1	4695	0.876947122553521	4695	0.975239672667488	""
14	2	3451	0.909103049434445	3451	0.842156338477002	""
14	3	3261	0.927755606145789	3261	0.945038360329616	""
14	4	3119	0.904489366328369	3119	0.964049299586455	""
14	5	3034	0.912482871549484	3034	0.9779460022889	""
14	6	2951	0.925542116972205	2951	0.98821557217168	""
14	7	2993	0.922446545530524	2993	1.00391342406909	""
14	8	2989	0.90844424410097	2989	1.00872473734101	""
14	9	3002	0.909323652432668	3002	1.01909169524442	""
14	10	3108	0.892095719613337	3108	1.0691711745959	""
14	11	2004	0.909851323521966	2004	0.698265660280594	""
14	12	2166	0.935100887815567	2166	0.761413189492476	""
14	13	3126	0.913777855776547	3126	1.09681885791691	""
14	14	3108	0.918871082357353	3108	1.08102065910314	""
14	15	2815	0.921538556966124	2815	0.969943831875438	""
14	16	2870	0.915226180310801	2870	0.985461855273744	""
14	17	2980	0.921569463570589	2980	1.02093895007694	""
14	18	3045	0.912724159520126	3045	1.03918524218031	""
14	19	2899	0.935483681273118	2899	0.979421262252397	""
14	20	2998	0.91864976702565	2998	1.01383230283797	""
14	21	2852	0.912638550573041	2852	0.968848626946404	""
14	22	3006	0.916702414381792	3006	1.02829855622801	""
14	23	2897	0.921582024233944	2897	0.98660802070854	""
14	24	3018	0.909829548437166	3018	1.02612511964411	""
14	25	2804	0.912473014578754	2804	0.945982372975059	""
14	26	3065	0.926198695095402	3065	1.04279454093285	""
14	27	2810	0.92542725817177	2810	0.963709659547304	""
14	28	3004	0.913003181424997	3004	1.04004297067997	""
14	29	2814	0.93465551307067	2814	0.970736046391571	""
14	30	3014	0.910787232305886	3014	1.04815964738253	""
14	31	2813	0.92641525880327	2813	0.984139601824816	""
14	32	2881	0.89832197874263	2881	1.01912249760492	""
14	33	2749	0.926489502851673	2749	0.973216505810911	""
14	34	2890	0.924798531260901	2890	1.03067340716884	""
14	35	1936	0.925583958450566	1936	0.691816099749133	""
14	36	2043	0.909355281139825	2043	0.737454264441022	""
14	37	2672	0.91387562408923	2672	0.962090072328633	""
14	38	2819	0.909668333048955	2819	1.0215214487806	""
14	39	2662	0.90586286001653	2662	0.966656837747789	""
14	40	2846	0.912952875475833	2846	1.05061213926306	""
14	41	2551	0.935683165046101	2551	0.937975824248059	""
14	42	2752	0.919593097713295	2752	1.00721955903692	""
14	43	2705	0.922824458739246	2705	0.967138574220997	""
14	44	2874	0.919678539392328	2874	0.997756502217024	""
14	45	2927	0.931125503946412	2927	0.970489424496941	""
14	46	3182	0.917587449716588	3182	0.995676360988938	""
14	47	3148	0.900620578802715	3148	0.84272379512833	""
14	48	4300	0.920323380893672	4300	0.995446200331445	""
15	1	4481	0.864801961749243	4481	1.03749437029843	""
15	2	3273	0.884985121928475	3273	0.889865612932696	""
15	3	3160	0.899021071886137	3160	1.01975945338676	""
15	4	2982	0.909383433029442	2982	1.02569317107702	""
15	5	2850	0.904420955321919	2850	1.02128822233136	""
15	6	2814	0.926744592347104	2814	1.04661197046006	""
15	7	2657	0.922304553161093	2657	0.988825416794778	""
15	8	2742	0.924130308046304	2742	1.02663956922053	""
15	9	2543	0.909574255761501	2543	0.957099808349747	""
15	10	2513	0.932505914299709	2513	0.957528750982938	""
15	11	2447	0.934080832100876	2447	0.943724000460603	""
15	12	2485	0.925564412476722	2485	0.966246050906421	""
15	13	2497	0.904391431867535	2497	0.968552342743246	""
15	14	2269	0.922777108667251	2269	0.87218080344972	""
15	15	2747	0.923493095424656	2747	1.04552550869258	""
15	16	2641	0.928145550162989	2641	1.00143444124557	""
15	17	2731	0.926033022838448	2731	1.03310015451206	""
15	18	2608	0.924632002147431	2608	0.982734702269786	""
15	19	2705	0.906154008073538	2705	1.00908909753788	""
15	20	2667	0.912165527487267	2667	0.996103854107713	""
15	21	2724	0.900264742262143	2724	1.02220340904872	""
15	22	2597	0.92888884868762	2597	0.981615263255341	""
15	23	2789	0.907591739536428	2789	1.04998515511017	""
15	24	2616	0.91935962106262	2616	0.983838244451422	""
15	25	2729	0.91190754493444	2729	1.01893501410921	""
15	26	2628	0.921211218080904	2628	0.990042246647667	""
15	27	2621	0.913098711316318	2621	0.996021591183177	""
15	28	2523	0.921991323275846	2523	0.96875486074374	""
15	29	2682	0.930982616325951	2682	1.02685334700372	""
15	30	2572	0.917569767876975	2572	0.993444806461107	""
15	31	2567	0.915786000832113	2567	0.998107223908903	""
15	32	2627	0.925599299285054	2627	1.03319854594646	""
15	33	2351	0.920038639726298	2351	0.925669034381743	""
15	34	2422	0.918596635323466	2422	0.960843282205474	""
15	35	2603	0.903559936725	2603	1.03492379601643	""
15	36	2528	0.915619359135414	2528	1.0151178302695	""
15	37	2550	0.929424218540177	2550	1.02115023328108	""
15	38	2453	0.921943097012995	2453	0.988547722385139	""
15	39	2508	0.917504083911753	2508	1.01278280462134	""
15	40	2494	0.917179168013805	2494	1.02372330314652	""
15	41	2367	0.923796636636122	2367	0.967971565089178	""
15	42	2445	0.913076724538425	2445	0.995273468591848	""
15	43	2447	0.919688038479738	2447	0.973026970876325	""
15	44	2626	0.931013664738939	2626	1.01210226326477	""
15	45	2597	0.91836337745468	2597	0.954467249156464	""
15	46	3018	0.909829548437166	3018	1.04518926456331	""
15	47	3056	0.92347902519137	3056	0.904074238411973	""
15	48	4343	0.89531746950873	4343	1.10953588643703	""
16	1	4624	0.887576715769198	4624	0.997428005609998	""
16	2	3338	0.902560445156508	3338	0.845513056450963	""
16	3	3218	0.917639728579219	3218	0.967391394143217	""
16	4	3038	0.893962360122141	3038	0.973211447793999	""
16	5	2947	0.909174119534887	2947	0.983389462736516	""
16	6	2893	0.920309560272282	2893	1.0017353389607	""
16	7	3000	0.914872669043704	3000	1.03921267575186	""
16	8	2898	0.929633672919524	2898	1.01056915973674	""
16	9	2929	0.923112649235997	2929	1.0265787851632	""
16	10	2891	0.921922957239904	2891	1.02498899372922	""
16	11	2896	0.92351742793731	2896	1.03866163796637	""
16	12	3018	0.893133429550528	3018	1.09108668634526	""
16	13	2402	0.897018524474968	2402	0.866125510539545	""
16	14	2463	0.909151000712131	2463	0.879645262524018	""
16	15	2970	0.907893061724719	2970	1.04950088448089	""
16	16	3027	0.910377604541954	3027	1.06487468733808	""
16	17	2970	0.897491068330618	2970	1.04205764198593	""
16	18	3020	0.89707228531237	3020	1.0553827152268	""
16	19	2908	0.927344157611084	2908	1.00646243099549	""
16	20	2966	0.921672231136084	2966	1.02785155251315	""
16	21	2840	0.929722735980032	2840	0.98872606765409	""
16	22	2969	0.925761178371006	2969	1.04114095257993	""
16	23	2790	0.918840587295103	2790	0.974778307888256	""
16	24	2941	0.899920078877399	2941	1.02708349466855	""
16	25	2748	0.910461032899338	2748	0.953489253667561	""
16	26	2961	0.920118501818592	2961	1.03692785222737	""
16	27	2561	0.907968772047381	2561	0.905004827165585	""
16	28	2707	0.931531202313983	2707	0.967046136563352	""
16	29	2647	0.910884038612897	2647	0.943445453868015	""
16	30	2839	0.905340461986887	2839	1.02134019007941	""
16	31	2652	0.923898429000715	2652	0.960762323364252	""
16	32	2758	0.916055403357821	2758	1.01081116180271	""
16	33	2430	0.925115511319484	2430	0.891720951772804	""
16	34	2493	0.902942667058776	2493	0.921765110699795	""
16	35	2538	0.902138299130664	2538	0.94055583983335	""
16	36	2776	0.911026350021932	2776	1.03898607000192	""
16	37	2537	0.924685977426051	2537	0.946779360879536	""
16	38	2790	0.903449504242089	2790	1.04777671198885	""
16	39	2614	0.902767345119912	2614	0.983771353902097	""
16	40	2826	0.919632217974165	2826	1.08136005654333	""
16	41	2544	0.907580672425748	2544	0.970011528760998	""
16	42	2727	0.913523837344377	2727	1.03502323613889	""
16	43	2683	0.912054758365074	2683	0.994625600850064	""
16	44	2822	0.92612260798339	2822	1.01173799235275	""
16	45	2879	0.902960269319884	2879	0.982265177176333	""
16	46	3177	0.916145608972218	3177	1.01946293977552	""
16	47	3098	0.918074332857972	3098	0.847592980243296	""
16	48	4240	0.910057392334825	4240	0.999975786359864	""
17	1	4710	0.901664311872832	4710	1.07782028199908	""
17	2	3329	0.898104130680301	3329	0.894498378914629	""
17	3	2891	0.908926164964225	2891	0.921636118139246	""
17	4	2843	0.917412937516204	2843	0.965465398026319	""
17	5	2845	0.901922965283153	2845	1.00597488250245	""
17	6	2786	0.919806924105548	2786	1.02159354195373	""
17	7	2653	0.905084395207105	2653	0.972735449955012	""
17	8	2910	0.915820301904104	2910	1.07398811697498	""
17	9	2544	0.927237338025965	2544	0.94321422293958	""
17	10	2534	0.892831604258975	2534	0.94964892649705	""
17	11	2551	0.926361634254924	2551	0.96626313795487	""
17	12	2637	0.921024599117422	2637	1.00637744418124	""
17	13	2771	0.914854625519194	2771	1.05415082126856	""
17	14	2689	0.922022769650899	2689	1.01252568884283	""
17	15	2785	0.925023313397945	2785	1.03702410257424	""
17	16	2686	0.918663894574727	2686	0.995160757226849	""
17	17	2816	0.929711521278257	2816	1.04022431022437	""
17	18	2639	0.913724382103848	2639	0.970765009350987	""
17	19	2773	0.910977356673231	2773	1.01000812741018	""
17	20	2799	0.921804589189604	2799	1.02070230346452	""
17	21	2680	0.930288371272762	2680	0.981612558358843	""
17	22	2765	0.905170198938306	2765	1.02009918499122	""
17	23	2781	0.912667247626438	2781	1.0223561458366	""
17	24	2660	0.924322175260858	2660	0.977641502969852	""
17	25	2825	0.911604484165767	2825	1.03190429651461	""
17	26	2760	0.924578581250634	2760	1.01791158065013	""
17	27	2653	0.916236329993545	2653	0.987869793693793	""
17	28	2747	0.917922325370066	2747	1.03479848938035	""
17	29	2717	0.913407622959152	2717	1.02166465570248	""
17	30	2747	0.906930947781027	2747	1.04333187638687	""
17	31	2260	0.904504379127514	2260	0.864926483468888	""
17	32	2226	0.911353471478763	2226	0.86243471983126	""
17	33	2698	0.903809062396453	2698	1.04737748736015	""
17	34	2619	0.920413932554664	2619	1.02483693685649	""
17	35	2580	0.917067301716751	2580	1.01218299358671	""
17	36	2499	0.916610046824856	2499	0.99024447910556	""
17	37	2606	0.929699383782036	2606	1.02964585332453	""
17	38	2682	0.909418003388033	2682	1.06668981490169	""
17	39	2381	0.908886988652303	2381	0.949134312815707	""
17	40	2442	0.903774876310437	2442	0.989667859272778	""
17	41	2496	0.909742293912267	2496	1.00799259650005	""
17	42	2460	0.910436607585452	2460	0.988873465008189	""
17	43	2367	0.944739158155523	2367	0.92939175682143	""
17	44	2668	0.907904624539482	2668	1.01084203579116	""
17	45	2389	0.91438479482924	2389	0.859608172435308	""
17	46	2856	0.929394768058816	2856	0.964670155398787	""
17	47	2991	0.911225511836051	2991	0.859788902193946	""
17	48	4231	0.899395019372169	4231	1.04661232866428	""
18	1	4651	0.878279825881326	4651	1.00958469006448	""
18	2	3373	0.898165259285297	3373	0.85984472874957	""
18	3	3068	0.901912661443094	3068	0.92804904740024	""
18	4	2871	0.913311008483139	2871	0.925273953749188	""
18	5	2955	0.913838176124527	2955	0.991823770315855	""
18	6	2895	0.910183759104611	2895	1.00766449115412	""
18	7	3048	0.890977256688073	3048	1.06051468269238	""
18	8	2976	0.92255205402246	2976	1.04264404822465	""
18	9	2951	0.914802120772943	2951	1.03853228339725	""
18	10	2824	0.916716149638934	2824	1.00414153660644	""
18	11	2897	0.913947228850764	2897	1.04095311922683	""
18	12	2852	0.905055636694075	2852	1.03212756082084	""
18	13	2691	0.906941888750037	2691	0.970508147963018	""
18	14	2870	0.920651705065229	2870	1.02397620404337	""
18	15	2856	0.913918548540184	2856	1.00741143145685	""
18	16	3013	0.915738543819413	3013	1.05709522655286	""
18	17	2921	0.923763532105929	2921	1.02142767005155	""
18	18	2917	0.922498535827797	2917	1.01540026332338	""
18	19	2908	0.908936681663006	2908	1.00194792657344	""
18	20	2998	0.921770939487696	2998	1.03346216530973	""
18	21	2880	0.898010169655944	2880	0.996665265989669	""
18	22	3002	0.925220357394799	3002	1.0457152282601	""
18	23	2798	0.919190279109882	2798	0.970802330360415	""
18	24	2919	0.928580576023087	2919	1.0121091490609	""
18	25	2792	0.916277222356352	2792	0.961862251797814	""
18	26	3002	0.930611984601957	3002	1.04409299351956	""
18	27	2730	0.90902184883711	2730	0.958830622399875	""
18	28	2813	0.923168992295279	2813	0.999797359632183	""
18	29	2714	0.920268628335242	2714	0.963250219991772	""
18	30	2861	0.912356133055471	2861	1.02607989244229	""
18	31	2280	0.918572160271864	2280	0.82440215953005	""
18	32	2274	0.91972536444199	2274	0.83283767559641	""
18	33	2558	0.920685111020517	2558	0.939303783095373	""
18	34	2846	0.912952875475834	2846	1.05407118441533	""
18	35	2506	0.933386083568075	2506	0.930944871883311	""
18	36	2752	0.906325912629435	2752	1.03292863593976	""
18	37	2737	0.920808093796887	2737	1.02454934902344	""
18	38	2995	0.92306294816703	2995	1.12893508953651	""
18	39	2450	0.912528293991134	2450	0.926053719472194	""
18	40	2646	0.905932896209602	2646	1.01705926521838	""
18	41	2579	0.92245065104558	2579	0.988147975540016	""
18	42	2718	0.911454605743913	2718	1.03684048902421	""
18	43	2615	0.932910164462787	2615	0.974488994598395	""
18	44	2806	0.901036346777114	2806	1.00861329396101	""
18	45	2767	0.926923526927719	2767	0.944183766754986	""
18	46	3033	0.919621073860321	3033	0.971175920702411	""
18	47	3203	0.923643180842939	3203	0.872492203887097	""
18	48	4078	0.910521233663084	4078	0.955420925982158	""
19	1	4759	0.863230733751561	4759	1.08323390807582	""
19	2	3348	0.90815310438961	3348	0.89484087992069	""
19	3	3208	0.905524289948704	3208	1.01727363825236	""
19	4	2978	0.905101023396684	2978	1.00595486200897	""
19	5	2854	0.928743931386507	2854	1.00368175145054	""
19	6	2860	0.930696441403436	2860	1.04247010577541	""
19	7	2718	0.921624956453643	2718	0.989469469751259	""
19	8	2833	0.886382739359306	2833	1.03818543156395	""
19	9	2569	0.936349340168516	2569	0.945023785658987	""
19	10	2505	0.915413501706697	2505	0.930575690238261	""
19	11	2563	0.925882279539722	2563	0.961629467900914	""
19	12	2468	0.907617556799547	2468	0.932086544344195	""
19	13	2821	0.915742301038042	2821	1.06097116944433	""
19	14	2737	0.920131271269488	2737	1.01787941117476	""
19	15	2913	0.934445441412896	2913	1.07068105998895	""
19	16	2730	0.931353335437391	2730	0.998080653189097	""
19	17	2888	0.923221825138374	2888	1.05234662695782	""
19	18	2790	0.900310269317696	2790	1.01206968638082	""
19	19	2789	0.91076973990209	2789	1.00120470462547	""
19	20	2748	0.926152475022334	2748	0.986741970729411	""
19	21	2867	0.932974369756522	2867	1.03325537159456	""
19	22	2876	0.914901588435218	2876	1.04313108197884	""
19	23	2843	0.919673149215799	2843	1.02689873110793	""
19	24	2734	0.935080821953576	2734	0.986746572755491	""
19	25	2779	0.915217918312936	2779	0.996307477575637	""
19	26	2800	0.911171341234134	2800	1.01328896609192	""
19	27	2709	0.93796110311456	2709	0.990197218699913	""
19	28	2746	0.925478419363658	2746	1.01603569876952	""
19	29	2717	0.934972396264164	2717	1.00418000242821	""
19	30	2667	0.917766426513259	2667	0.996486767938756	""
19	31	3236	0.918520978378523	3236	1.21973110295784	""
19	32	3400	0.892860254107405	3400	1.29880470913156	""
19	33	2655	0.915961574935985	2655	1.01742072504801	""
19	34	2641	0.903273025157057	2641	1.021298779809	""
19	35	2651	0.898906460470423	2651	1.02868060770197	""
19	36	2468	0.921665994339809	2468	0.967658203220678	""
19	37	2517	0.925637516395648	2517	0.984302743355325	""
19	38	2381	0.931778818029908	2381	0.937713012592931	""
19	39	2458	0.923822312457375	2458	0.970789021755326	""
19	40	2424	0.931305010589388	2424	0.973557764176085	""
19	41	2397	0.94164313422222	2397	0.960083576112392	""
19	42	2500	0.919385693678634	2500	0.997534014361124	""
19	43	2192	0.930830012960149	2192	0.854839998498892	""
19	44	2563	0.898426313524109	2563	0.965868861718897	""
19	45	2625	0.928264869394892	2625	0.94063171684342	""
19	46	2971	0.913469466717127	2971	1.0004257772447	""
19	47	2915	0.924114391493987	2915	0.836111839338944	""
19	48	4312	0.918445632949213	4312	1.06500718901555	""
20	1	4522	0.913730530598129	4522	1.00631431283713	""
20	2	3281	0.90589793241781	3281	0.857581470125779	""
20	3	3204	0.918767946840318	3204	0.993797761005066	""
20	4	2988	0.915585558329767	2988	0.987499265886017	""
20	5	2886	0.928058331158593	2886	0.993142686330504	""
20	6	2808	0.919246986842229	2808	1.00154307416181	""
20	7	2901	0.912070150315191	2901	1.03350443072604	""
20	8	2807	0.908027622176837	2807	1.00695034650776	""
20	9	2867	0.925157541983453	2867	1.03203173079195	""
20	10	2822	0.929379260697771	2822	1.02540198145673	""
20	11	2731	0.922740547201792	2731	1.00180698173711	""
20	12	2653	0.904137205524125	2653	0.979077660519413	""
20	13	2647	0.924517297635122	2647	0.972298848495405	""
20	14	2823	0.910959100460163	2823	1.02483068642917	""
20	15	2766	0.910936582243102	2766	0.992140773047742	""
20	16	2871	0.920972489631454	2871	1.02392534395612	""
20	17	2876	0.930348215668181	2876	1.02185710832979	""
20	18	2961	0.912584103346436	2961	1.04683761292279	""
20	19	2820	0.917679707957235	2820	0.986168926179276	""
20	20	2868	0.904798292144974	2868	1.00263192604896	""
20	21	2889	0.9267466118235	2889	1.01321879065644	""
20	22	2901	0.917438550715269	2901	1.02335039673843	""
20	23	2738	0.925105682255037	2738	0.961354656242327	""
20	24	2853	0.920639856044224	2853	1.00038735278736	""
20	25	2757	0.923573604531883	2757	0.959947353032277	""
20	26	2805	0.91826488536056	2805	0.985630887031443	""
20	27	2745	0.930780171252852	2745	0.974377359126616	""
20	28	2822	0.931692440712799	2822	1.01417532353151	""
20	29	2673	0.91517710943623	2673	0.959729492832677	""
20	30	2688	0.924992933808639	2688	0.975902426934799	""
20	31	3206	0.912108087489543	3206	1.17477903482646	""
20	32	3410	0.912934512211682	3410	1.26709905389357	""
20	33	2584	0.916123118692086	2584	0.963772012965641	""
20	34	2656	0.910707503232722	2656	1.00018492046576	""
20	35	2464	0.922611334973702	2464	0.931474691901416	""
20	36	2741	0.923793280216965	2741	1.0472684717248	""
20	37	2537	0.908402103829779	2537	0.967037248084885	""
20	38	2774	0.915845085236465	2774	1.06499783873963	""
20	39	2570	0.922606510341138	2570	0.989824891767143	""
20	40	2744	0.922484548178106	2744	1.07497502310007	""
20	41	2578	0.927883587259927	2578	1.00748757627714	""
20	42	2763	0.931207892462413	2763	1.07614454845802	""
20	43	2450	0.920815567746367	2450	0.932999475673434	""
20	44	2715	0.915030556654163	2715	1	""
20	45	2785	0.921768155635206	2785	0.976154530630798	""
20	46	3062	0.917819828062602	3062	1.00924144590814	""
20	47	3168	0.926055101439572	3168	0.890078223514171	""
20	48	3988	0.899286487838306	3988	0.965308339995135	""
21	1	4812	0.87559806424195	4812	1.08748970135757	""
21	2	3229	0.918651595291246	3229	0.857289026788153	""
21	3	3522	0.915907187138201	3522	1.10985272657748	""
21	4	3273	0.923871883105395	3273	1.09907172274489	""
21	5	2855	0.893266050430929	2855	0.998349312273161	""
21	6	2833	0.933001929679938	2833	1.02655501224387	""
21	7	2638	0.929475048159106	2638	0.954547247350664	""
21	8	2702	0.892993881641817	2702	0.984055068396272	""
21	9	2613	0.914981518435419	2613	0.954308624238277	""
21	10	2772	0.928598488125637	2772	1.02114906476325	""
21	11	2626	0.928618494107043	2626	0.975907754843462	""
21	12	2557	0.920325187208547	2557	0.955339789943029	""
21	13	2766	0.897888410021704	2766	1.02772688802808	""
21	14	2702	0.92413620370101	2702	0.991555163501841	""
21	15	2843	0.930704837461701	2843	1.03048729766504	""
21	16	2759	0.913162779675954	2759	0.99409504414026	""
21	17	2300	0.917997492081835	2300	0.825369801240943	""
21	18	2058	0.916031898475653	2058	0.734700092186151	""
21	19	2955	0.913838176124527	2955	1.04320464836904	""
21	20	2718	0.927259474622281	2718	0.959022863589302	""
21	21	2924	0.924712279314528	2924	1.0347341851096	""
21	22	2788	0.90502996642824	2788	0.992301876868297	""
21	23	2875	0.914583472444801	2875	1.01829520222956	""
21	24	2851	0.914556798306958	2851	1.0082039009863	""
21	25	2846	0.920643609802379	2846	0.999391903674337	""
21	26	2786	0.92305110540668	2786	0.987349750047143	""
21	27	2903	0.923490720176438	2903	1.03941593414281	""
21	28	2844	0.910078554638755	2844	1.03125931723531	""
21	29	2842	0.930377470301145	2842	1.02976357590952	""
21	30	2853	0.920639856044224	2853	1.04563949990773	""
21	31	2635	0.940045232642235	2635	0.975102592007085	""
21	32	2599	0.921441170851677	2599	0.975564444743026	""
21	33	2647	0.924517297635122	2647	0.997570860792188	""
21	34	2622	0.929595517496382	2622	0.997781899434451	""
21	35	2587	0.920539321359936	2587	0.988235597988804	""
21	36	2500	0.911200214255076	2500	0.965136261978358	""
21	37	2535	0.910041830239216	2535	0.976095410186263	""
21	38	2434	0.920691676530174	2434	0.94378459211426	""
21	39	2399	0.909873380735341	2399	0.933171337077744	""
21	40	2556	0.931611099054389	2556	1.01124929676697	""
21	41	2254	0.925378500211175	2254	0.890075865747498	""
21	42	2465	0.920545654800498	2465	0.970837255518763	""
21	43	2825	0.91930679963801	2825	1.08889439036051	""
21	44	3052	0.89214651817979	3052	1.13937674328459	""
21	45	2502	0.90052937755017	2502	0.889942490988626	""
21	46	2868	0.933299788092677	2868	0.960334614335036	""
21	47	2887	0.915237821009654	2887	0.824817227883477	""
21	48	4224	0.893595969542539	4224	1.04046581698134	""
22	1	4326	0.89429703452023	4326	0.9827754391828	""
22	2	3093	0.91443637636142	3093	0.825746047960998	""
22	3	3452	0.919201445316586	3452	1.0942488595712	""
22	4	3259	0.911873143114318	3259	1.10111872317319	""
22	5	2861	0.914590596163742	2861	1.00682543697155	""
22	6	2724	0.91806380711821	2724	0.993391905264983	""
22	7	2917	0.915528456040434	2917	1.06204328166922	""
22	8	2733	0.929051678945862	2733	1.00076949909013	""
22	9	2922	0.91867251955222	2922	1.07223520879524	""
22	10	2830	0.915467820007285	2830	1.04671219911927	""
22	11	2734	0.927050268927249	2734	1.01947240044088	""
22	12	2629	0.918230440303262	2629	0.984574292097352	""
22	13	2538	0.91111880281938	2538	0.944588997405656	""
22	14	2634	0.916657204126231	2634	0.967618398803512	""
22	15	2523	0.927844042060477	2523	0.915094069105059	""
22	16	2693	0.929071382788176	2693	0.970747384140689	""
22	17	2160	0.923520183193807	2160	0.775273861430239	""
22	18	2073	0.921605655219098	2073	0.739992929536027	""
22	19	2805	0.926079835648264	2805	0.989837461510905	""
22	20	2855	0.913598549048399	2855	1.00657944302633	""
22	21	2779	0.92303044450014	2779	0.98258048281996	""
22	22	2824	0.918981381301855	2824	1.00406140865997	""
22	23	2804	0.904827955256924	2804	0.991841121779434	""
22	24	2831	0.926776431535025	2831	0.999545098895199	""
22	25	2778	0.930608441563138	2778	0.973746639034514	""
22	26	2861	0.917764643969205	2861	1.0119189332328	""
22	27	2793	0.919828587926603	2793	0.997971025587146	""
22	28	2847	0.916448646800849	2847	1.0301945774637	""
22	29	2710	0.907828969271456	2710	0.979897408307044	""
22	30	2698	0.917153834539311	2698	0.986918047799877	""
22	31	2528	0.929682813447834	2528	0.933907589817832	""
22	32	2568	0.918516196931	2568	0.962613781887073	""
22	33	2550	0.917805720524754	2550	0.960033459943842	""
22	34	2590	0.929786327542236	2590	0.984774789536007	""
22	35	2447	0.913823617564632	2447	0.934107424099189	""
22	36	2693	0.913147905713636	2693	1.03916507385348	""
22	37	2535	0.932257093390134	2535	0.975989645264971	""
22	38	2769	0.927593511406886	2769	1.07401767394419	""
22	39	2590	0.929786327542236	2590	1.00815982385555	""
22	40	2812	0.920556455484454	2812	1.1138342397328	""
22	41	2485	0.897704824290367	2485	0.983019719412946	""
22	42	2649	0.922853295031257	2649	1.04608027208074	""
22	43	2927	0.914875401385013	2927	1.1325144621394	""
22	44	3105	0.91065100402319	3105	1.16280142424884	""
22	45	2681	0.922584098043513	2681	0.955989948396105	""
22	46	2931	0.92692602280126	2931	0.983200367774148	""
22	47	3162	0.895450051437863	3162	0.904318465303732	""
22	48	3767	0.900811280371045	3767	0.928150822568382	""
23	1	4843	0.872963600818354	4843	1.11336428525491	""
23	2	3245	0.912996237780278	3245	0.876920912562968	""
23	3	3057	0.921586789122736	3057	0.981143358214093	""
23	4	2928	0.92597727559266	2928	1.0017492726015	""
23	5	2756	0.920929715587878	2756	0.982070970600463	""
23	6	2854	0.90569031806623	2854	1.05355836611891	""
23	7	2616	0.911356821367221	2616	0.963544111214165	""
23	8	2683	0.931329738852545	2683	0.992592316873277	""
23	9	2637	0.89641759143075	2637	0.976716564279565	""
23	10	2473	0.929459958790516	2473	0.922531768619262	""
23	11	2671	0.907975497425686	2671	1.00373598066324	""
23	12	2584	0.921850808784643	2584	0.974396788912378	""
23	13	2760	0.927863466826375	2760	1.03353086248448	""
23	14	2676	0.928899881166385	2676	0.988715825282048	""
23	15	2873	0.919358539900542	2873	1.04797037590896	""
23	16	2708	0.931875321709001	2708	0.981743692376907	""
23	17	3013	0.910485046760994	3013	1.08754320713289	""
23	18	2897	0.927038527703401	2897	1.03992747854819	""
23	19	3033	0.912182119119837	3033	1.07619545202295	""
23	20	2951	0.925542116972205	2951	1.04606980423714	""
23	21	2878	0.930995189392567	2878	1.0231579097201	""
23	22	2848	0.934655275526824	2848	1.01818994925897	""
23	23	2879	0.923538766161252	2879	1.023809421233	""
23	24	2771	0.914854625519194	2771	0.983417467352421	""
23	25	2965	0.924513942024261	2965	1.0445498173121	""
23	26	2780	0.910080706346651	2780	0.988205767789919	""
23	27	2683	0.915319047244878	2683	0.963438941605751	""
23	28	2733	0.902308802433763	2733	0.994059593145805	""
23	29	2823	0.924157494250574	2823	1.02617961675464	""
23	30	2831	0.911298250471796	2831	1.04116025495864	""
23	31	2758	0.923908596771467	2758	1.02460302220101	""
23	32	2795	0.928344761560954	2795	1.05386590479157	""
23	33	2593	0.9274581381005	2593	0.982119836885826	""
23	34	2543	0.907223919016776	2543	0.972857633520661	""
23	35	2649	0.919527572948339	2649	1.01741132559017	""
23	36	2501	0.92561055104521	2501	0.971090267120604	""
23	37	2503	0.909914023512034	2503	0.96971460507834	""
23	38	2542	0.9125547662596	2542	0.992220462501589	""
23	39	2100	0.895330690271734	2100	0.822722332741632	""
23	40	2306	0.922914645251348	2306	0.919731743729271	""
23	41	2379	0.924939057067866	2379	0.948208801484195	""
23	42	2563	0.920093574320753	2563	1.02074255670515	""
23	43	2319	0.911001430230008	2319	0.905689249988287	""
23	44	2603	0.926232645342062	2603	0.984636340664038	""
23	45	2478	0.933815826085955	2478	0.892987437950417	""
23	46	2856	0.92160793160263	2856	0.96859295135528	""
23	47	2872	0.929054268219407	2872	0.830700151927938	""
23	48	4243	0.895830864746857	4243	1.05761533305	""
24	1	4329	0.900961610820285	4329	1.0092641329157	""
24	2	3146	0.905100907648869	3146	0.862890656227222	""
24	3	3182	0.917587449716588	3182	1.03737920486343	""
24	4	2863	0.897041033173334	2863	0.995665682030573	""
24	5	2961	0.925502584045447	2961	1.07321972953922	""
24	6	2752	0.927500586339688	2752	1.03385518646472	""
24	7	2798	0.915973315236666	2798	1.04788767592608	""
24	8	2719	0.9356606350542	2719	1.02105537628224	""
24	9	2749	0.926489502851673	2749	1.03220445972776	""
24	10	2652	0.914926590105549	2652	1.00160743295708	""
24	11	2687	0.907873984009965	2687	1.02100131834933	""
24	12	2623	0.921819681210723	2623	0.999001144134479	""
24	13	2523	0.939717912546789	2523	0.953439926091253	""
24	14	2659	0.922998798214282	2659	0.990948463501697	""
24	15	2487	0.922858021831826	2487	0.914853047248044	""
24	16	2599	0.911045645278641	2599	0.950356182148603	""
24	17	2688	0.917024822584507	2688	0.978774773876925	""
24	18	2861	0.912356133055471	2861	1.03632717352923	""
24	19	2794	0.916933581398155	2794	1.00077500640872	""
24	20	2825	0.91930679963801	2825	1.01110547763676	""
24	21	2739	0.907479173621283	2739	0.983350496765594	""
24	22	2791	0.915949042835451	2791	1.00783460990378	""
24	23	2670	0.918798784698313	2670	0.958978136646237	""
24	24	2742	0.924130308046303	2742	0.982660014020662	""
24	25	2786	0.930954349647252	2786	0.990857351671439	""
24	26	2828	0.898722858767147	2828	1.01458007087203	""
24	27	2630	0.920934325864965	2630	0.953017847714428	""
24	28	2671	0.916813205388137	2671	0.980143464597039	""
24	29	2733	0.923416300074148	2733	1.00223908786421	""
24	30	2686	0.924304695018603	2686	0.996511170621985	""
24	31	2580	0.928603434883868	2580	0.966875146350238	""
24	32	2565	0.923204577704311	2565	0.975792253118677	""
24	33	2375	0.914932512027134	2375	0.90775940837254	""
24	34	2507	0.93623040835085	2507	0.96797525340752	""
24	35	2520	0.918489815969116	2520	0.977049048558232	""
24	36	2683	0.925621433353389	2683	1.05192380990698	""
24	37	2556	0.937517118721221	2556	1.00044761586963	""
24	38	2777	0.906851046148478	2777	1.09572449134046	""
24	39	2315	0.930115563965599	2315	0.917377323053871	""
24	40	2432	0.928354958589837	2432	0.981979251648947	""
24	41	2574	0.91828327469492	2574	1.0394348634778	""
24	42	2643	0.923120218228042	2643	1.06746026809368	""
24	43	2536	0.91040082109927	2536	1.00583374456636	""
24	44	2701	0.921459838467542	2701	1.04043424887136	""
24	45	2646	0.890464230406218	2646	0.973315597291653	""
24	46	2890	0.927067396389725	2890	1.00249000726491	""
24	47	3049	0.897199221860569	3049	0.903605210116872	""
24	48	4358	0.926391750041104	4358	1.11480050281923	""
25	1	4745	0.904225065898228	4745	1.09551013196088	""
25	2	3163	0.917249075247397	3163	0.859623639103925	""
25	3	2790	0.926684037479449	2790	0.901737914020597	""
25	4	2512	0.896164563338631	2512	0.866325493060209	""
25	5	2756	0.913111574479831	2756	0.990629284997488	""
25	6	2786	0.917523253119769	2786	1.03776311084166	""
25	7	2567	0.918158519284221	2567	0.952521987239567	""
25	8	2467	0.921292547826705	2467	0.916439550961669	""
25	9	2522	0.921625888744227	2522	0.9353708327518	""
25	10	2435	0.911752678839677	2435	0.907289326820211	""
25	11	2760	0.924578581250634	2760	1.03328730889671	""
25	12	2704	0.91687780803924	2704	1.01370521932546	""
25	13	2934	0.909532166163272	2934	1.09057170816326	""
25	14	2745	0.922820730593623	2745	1.00621210935267	""
25	15	2870	0.928407294495021	2870	1.03865679948218	""
25	16	2819	0.91735428962108	2819	1.01453987654761	""
25	17	2710	0.915645142042056	2710	0.971632123414732	""
25	18	2742	0.913017549271559	2742	0.978449273001511	""
25	19	2898	0.929633672919524	2898	1.02306089111435	""
25	20	2887	0.915237821009653	2887	1.01889271501	""
25	21	2767	0.919044706704529	2767	0.979817728592865	""
25	22	2756	0.926518737164307	2756	0.982032733286625	""
25	23	2832	0.927103798695581	2832	1.00374872372266	""
25	24	2810	0.90992584477429	2810	0.993804905846808	""
25	25	2840	0.890728435174877	2840	0.996837670072788	""
25	26	2890	0.927067396389725	2890	1.02337890604264	""
25	27	2880	0.921598536343043	2880	1.03037018457593	""
25	28	2862	0.923544082719442	2862	1.03720963524313	""
25	29	2801	0.924759222691902	2801	1.0147140817719	""
25	30	2746	0.91206966556221	2746	1.00651136035528	""
25	31	2814	0.915727197940305	2814	1.04202619658663	""
25	32	2797	0.923438609735541	2797	1.05162298504665	""
25	33	2800	0.930005485642458	2800	1.05773468579545	""
25	34	2797	0.929009051193556	2797	1.06738681590848	""
25	35	2815	0.927073925890937	2815	1.07857400524926	""
25	36	2530	0.924549364997182	2530	0.980213675601928	""
25	37	2518	0.920164150617749	2518	0.974053130021262	""
25	38	2364	0.922625791722768	2364	0.922090463464077	""
25	39	2544	0.918028871530537	2544	0.99719335505613	""
25	40	2571	0.925364120576134	2571	1.02761632613562	""
25	41	2250	0.915050019612744	2250	0.899983192625335	""
25	42	2585	0.922207562193616	2585	1.03498361840524	""
25	43	2345	0.929808934323407	2345	0.923028666349743	""
25	44	2687	0.900124147761034	2687	1.03013842581476	""
25	45	2568	0.904811191687864	2568	0.942410690536511	""
25	46	2835	0.928085900177251	2835	0.983163034055621	""
25	47	2750	0.905667245541768	2750	0.816267167757034	""
25	48	4888	0.913704231417834	4888	1.25430858833177	""
26	1	4273	0.891795760911028	4273	0.99338180664404	""
26	2	3240	0.89951065315433	3240	0.886846417213668	""
26	3	2618	0.920062495390649	2618	0.852278033811546	""
26	4	2277	0.908817517161017	2277	0.790866372120383	""
26	5	2936	0.915471478510365	2936	1.06237568399788	""
26	6	2682	0.92292821743853	2682	1.00506303806314	""
26	7	2665	0.903653608884827	2665	0.997696986666619	""
26	8	2701	0.923794184380617	2701	1.01072567429594	""
26	9	2644	0.931589092999498	2644	0.98624722567171	""
26	10	2628	0.925951640091786	2628	0.98331790519626	""
26	11	2608	0.916548123750501	2608	0.979058495889188	""
26	12	2738	0.922782196728949	2738	1.02832094674473	""
26	13	2585	0.916477655502726	2585	0.962044419661951	""
26	14	2814	0.907130628132752	2814	1.03279804121405	""
26	15	2723	0.909902618122566	2723	0.986869880186391	""
26	16	2906	0.913642142990674	2906	1.04797524345971	""
26	17	2636	0.920675329265652	2636	0.94763079513372	""
26	18	2696	0.897700697606172	2696	0.965297034017359	""
26	19	2838	0.923537238008026	2838	1.00596393263197	""
26	20	2968	0.930873942112336	2968	1.05243263308663	""
26	21	2734	0.935080821953576	2734	0.973067905402416	""
26	22	2811	0.894224049058204	2811	1.00719547580731	""
26	23	2775	0.927278650492149	2775	0.989245029838508	""
26	24	2862	0.915838545490899	2862	1.01829772353052	""
26	25	2780	0.936937365561168	2780	0.981906354940856	""
26	26	2839	0.92158539264339	2839	1.01191789133328	""
26	27	2774	0.899566071763464	2774	0.999385745996693	""
26	28	2743	0.911073231113308	2743	1.00162048902683	""
26	29	2614	0.930146805579773	2614	0.954731076434966	""
26	30	2619	0.909113897150509	2619	0.968137537220908	""
26	31	2603	0.906827907499571	2603	0.972355860789704	""
26	32	2588	0.909519380470206	2588	0.981715284324559	""
26	33	2528	0.935603147957734	2528	0.963560499620139	""
26	34	2483	0.923808252512748	2483	0.956203081734582	""
26	35	2485	0.928014585062571	2485	0.960995364078721	""
26	36	2669	0.908917073198194	2669	1.04392420357962	""
26	37	2427	0.912171176702217	2427	0.948046318874425	""
26	38	2550	0.929424218540177	2550	1.004697074756	""
26	39	2518	0.898305083792466	2518	0.997790482856147	""
26	40	2629	0.918230440303262	2629	1.06333024333031	""
26	41	2489	0.929508371114985	2489	1.00824909547484	""
26	42	2652	0.917257417588548	2652	1.07661175411448	""
26	43	2591	0.915265410494722	2591	1.03538286389047	""
26	44	2770	0.920041141153432	2770	1.08092410154354	""
26	45	2737	0.925732443586448	2737	1.02467760457055	""
26	46	2865	0.921305307958895	2865	1.01554679632244	""
26	47	2943	0.909220285549603	2943	0.894404127781415	""
26	48	4333	0.910455254257308	4333	1.14002759327738	""
27	1	4686	0.889412746683138	4686	1.07428624228859	""
27	2	3118	0.89203779056762	3118	0.841261711001493	""
27	3	2681	0.905846725392897	2681	0.859704668474428	""
27	4	2490	0.929881817628088	2490	0.851087902081595	""
27	5	2821	0.894314476296582	2821	1.00297190187548	""
27	6	2684	0.904582693944667	2684	0.986477677381239	""
27	7	2547	0.916725949088842	2547	0.937412643332937	""
27	8	2436	0.93591543143389	2436	0.896396654549418	""
27	9	2499	0.905115814271914	2499	0.914839355842063	""
27	10	2524	0.91655694428045	2524	0.925446502702641	""
27	11	2784	0.930286040709961	2784	1.02233799109866	""
27	12	2652	0.926263646893972	2652	0.973181085878348	""
27	13	2899	0.924474110355753	2899	1.053262055671	""
27	14	2957	0.9296764682806	2957	1.05988144058999	""
27	15	2623	0.944080158798599	2623	0.928807685251987	""
27	16	2722	0.934318811331527	2722	0.959760427797886	""
27	17	2902	0.91999312662626	2902	1.02021409245955	""
27	18	2959	0.919497010091596	2959	1.03739204901938	""
27	19	2898	0.908919368005913	2898	1.00656250785851	""
27	20	2982	0.911561316519566	2982	1.03674112688429	""
27	21	2845	0.918058321221808	2845	0.993104413352177	""
27	22	2978	0.908163602804051	2978	1.04794015370203	""
27	23	2550	0.917805720524753	2550	0.893463090147397	""
27	24	2669	0.905009937003229	2669	0.934183233670163	""
27	25	2871	0.913311008483139	2871	0.998627940565657	""
27	26	2880	0.902367508047224	2880	1.01245151493442	""
27	27	2815	0.920593821987673	2815	1.00119612488889	""
27	28	2852	0.928093094714196	2852	1.02987205200888	""
27	29	2986	0.931061932844669	2986	1.08045483774355	""
27	30	2980	0.923792043342382	2980	1.09305660453501	""
27	31	2583	0.919115990364405	2583	0.957895661916407	""
27	32	2587	0.911505667015772	2587	0.974523933567329	""
27	33	2797	0.923438609735542	2797	1.0592077745058	""
27	34	2710	0.932563560499037	2710	1.03701253945202	""
27	35	2683	0.942905911051609	2683	1.03117874034309	""
27	36	2581	0.90939162217538	2581	1.00336741018959	""
27	37	2679	0.933304634725836	2679	1.04014076671332	""
27	38	2537	0.907428189880821	2537	0.993744877562598	""
27	39	2774	0.926944496023503	2774	1.09325302418892	""
27	40	2694	0.923737203956684	2694	1.08418912342447	""
27	41	2312	0.899895784701923	2312	0.932238280012225	""
27	42	2589	0.909870817634221	2589	1.04677551959574	""
27	43	1969	0.929045055128935	1969	0.784198990596595	""
27	44	2226	0.938863051788786	2226	0.867829483798601	""
27	45	2459	0.938661530909708	2459	0.921886827522242	""
27	46	2817	0.924481710378884	2817	1.00194577551396	""
27	47	2671	0.932899774077602	2671	0.815907318345776	""
27	48	4296	0.902680769049018	4296	1.13802656417208	""
28	1	4289	0.90300092360579	4289	1.0187310325581	""
28	2	3189	0.876504230985023	3189	0.889177808303628	""
28	3	2508	0.928201224318828	2508	0.828681109773025	""
28	4	2468	0.89953685151261	2468	0.866340960512595	""
28	5	2755	0.915058968908919	2755	1.00213065671884	""
28	6	2693	0.909901242627032	2693	1.00823043613246	""
28	7	2594	0.911628003454295	2594	0.97252680732983	""
28	8	2653	0.926612916745742	2653	0.994785916523328	""
28	9	2690	0.920031971856298	2690	1.00258578820503	""
28	10	2661	0.913380733634531	2661	0.990790104609603	""
28	11	2556	0.931611099054389	2556	0.95269856119421	""
28	12	2758	0.923908596771467	2758	1.02722865796586	""
28	13	2876	0.928061768658671	2876	1.06084485754075	""
28	14	2944	0.92018899271523	2944	1.07180196969342	""
28	15	2500	0.927681968065767	2500	0.898473666543679	""
28	16	2564	0.909032382479299	2564	0.917389947554891	""
28	17	2833	0.919637695441608	2833	1.01197668029592	""
28	18	2855	0.929069349722661	2855	1.01817195024221	""
28	19	2837	0.915476786399392	2837	1.00306531807263	""
28	20	2915	0.935087010545346	2915	1.03224860012309	""
28	21	2793	0.908893412881049	2793	0.993736695259197	""
28	22	2900	0.901163004145193	2900	1.04063008650436	""
28	23	2487	0.908835680137547	2487	0.890792960262057	""
28	24	2490	0.921539493043812	2490	0.894718748404703	""
28	25	2839	0.923862656344181	2839	1.01784977025864	""
28	26	2770	0.93925722199286	2770	1.00631303186939	""
28	27	2658	0.917963122926062	2658	0.979459508854864	""
28	28	2641	0.913452805373814	2641	0.991212338988483	""
28	29	2731	0.922740547201792	2731	1.03051112884376	""
28	30	2706	0.904221992155587	2706	1.0380203332481	""
28	31	2307	0.917240293607607	2307	0.897468945514861	""
28	32	2364	0.919107158851801	2364	0.93485176217214	""
28	33	2504	0.926720839591046	2504	0.99616587977696	""
28	34	2514	0.915311792071258	2514	1.01083374720697	""
28	35	2410	0.923446644677489	2410	0.973698837697541	""
28	36	2541	0.926143897768858	2541	1.03891565431655	""
28	37	2429	0.935735188090066	2429	0.992324314971225	""
28	38	2638	0.915709225155801	2638	1.08777649202015	""
28	39	2515	0.905208387105786	2515	1.0442341267484	""
28	40	2576	0.929576404505764	2576	1.09294488825208	""
28	41	2461	0.919051868748083	2461	1.04655593160149	""
28	42	2640	0.903878626603685	2640	1.12624355498421	""
28	43	1970	0.932287089776256	1970	0.828411917651096	""
28	44	2071	0.906494666544055	2071	0.854429678559952	""
28	45	2650	0.917533009691246	2650	1.05358842493287	""
28	46	2754	0.917013249706008	2754	1.04070442197146	""
28	47	2724	0.923659448631246	2724	0.885556892688278	""
28	48	4081	0.904860533088712	4081	1.15224480128425	""
29	1	4374	0.831952966826286	4374	0.991106962113177	""
29	2	2957	0.900867214476497	2957	0.784419754314193	""
29	3	2862	0.905104837003481	2862	0.896931290428865	""
29	4	2749	0.907591254259208	2749	0.912194035798301	""
29	5	2579	0.917692659368874	2579	0.883413989553161	""
29	6	2542	0.91492633002899	2542	0.892360547200375	""
29	7	2661	0.92369304326747	2661	0.935435669032021	""
29	8	2739	0.931091309415557	2739	0.963378218611976	""
29	9	2762	0.930870864633074	2762	0.965051017593103	""
29	10	2883	0.908615147745777	2883	1.00416961290763	""
29	11	2810	0.922184453732575	2810	0.97957876263984	""
29	12	2961	0.928678484701694	2961	1.03159259668205	""
29	13	1870	0.930062792240323	1870	0.645439361250138	""
29	14	2599	0.921441170851677	2599	0.885824833845336	""
29	15	2937	0.903015760265299	2937	0.987510770480985	""
29	16	3145	0.914159055611169	3145	1.05265554626611	""
29	17	2851	0.896350223560362	2851	0.953929215268497	""
29	18	3132	0.915531748014122	3132	1.04741194208031	""
29	19	2740	0.931431247827173	2740	0.909075051852253	""
29	20	2975	0.914699314534989	2975	0.98915485436392	""
29	21	2896	0.918091004379617	2896	0.968172408288453	""
29	22	3099	0.9289104007727	3099	1.04544548361057	""
29	23	2811	0.920229088323898	2811	0.948927174330126	""
29	24	3186	0.923918923091434	3186	1.08343527438516	""
29	25	1133	0.93137487637209	1133	0.385927513277419	""
29	26	3091	0.921233688842793	3091	1.06955335159408	""
29	27	2807	0.90579603081533	2807	0.987709131118961	""
29	28	2785	0.917193919575936	2785	1.00120610079935	""
29	29	2825	0.927107146546094	2825	1.02433225431677	""
29	30	2797	0.929009051193556	2797	1.03392636482128	""
29	31	2872	0.908267327698812	2872	1.07990827686771	""
29	32	2958	0.924564891457761	2958	1.13136994200387	""
29	33	2697	0.892642267773124	2697	1.03842771999116	""
29	34	2821	0.910313716754559	2821	1.09798117947626	""
29	35	2680	0.924586448522953	2680	1.04860396680487	""
29	36	2747	0.921179470926611	2747	1.08812378939094	""
29	37	2625	0.916833360896183	2625	1.03937467987416	""
29	38	2723	0.917726779288871	2723	1.08881964535518	""
29	39	2409	0.917120685913019	2409	0.970422437262702	""
29	40	2575	0.924401464641412	2575	1.06049488527612	""
29	41	2389	0.928093092881088	2389	0.986369160995483	""
29	42	2460	0.912839056576715	2460	1.01928256683869	""
29	43	2297	0.929027775779794	2297	0.938744959531045	""
29	44	2443	0.926561346034364	2443	0.981859295232428	""
29	45	2360	0.929628617471075	2360	0.916070866198636	""
29	46	2657	0.942004305868759	2657	0.982218757532864	""
29	47	3067	0.892349217231093	3067	0.977138444986619	""
29	48	4514	0.883543010296718	4514	1.25124525403143	""
30	1	4682	0.826588491614497	4682	1.17679959838306	""
30	2	2843	0.864070587480448	2843	0.834266178984586	""
30	3	2754	0.88344069538315	2754	0.951820450593183	""
30	4	2652	0.904743240139179	2652	0.9672689462084	""
30	5	2560	0.901033173270998	2560	0.960317129693625	""
30	6	2632	0.921634656150794	2632	1.00768928171916	""
30	7	2762	0.909619248067769	2762	1.05898530957341	""
30	8	2788	0.914964504272747	2788	1.07021005282461	""
30	9	2793	0.901278344876102	2793	1.0644216899586	""
30	10	2746	0.909798397504215	2746	1.04128196571804	""
30	11	2846	0.896954113938425	2846	1.08008785456986	""
30	12	2719	0.918686029967657	2719	1.03153424807924	""
30	13	2591	0.932562596815544	2591	0.974314218428223	""
30	14	2628	0.915537357245053	2628	0.976360960299597	""
30	15	2921	0.905502200873523	2921	1.06994070674095	""
30	16	2925	0.918039332848224	2925	1.06648511339926	""
30	17	2747	0.904679244910268	2747	1.00246627065389	""
30	18	2615	0.892120502625925	2615	0.954854787338014	""
30	19	2491	0.912684294145865	2491	0.902955704956274	""
30	20	2447	0.925609093044098	2447	0.889308188060378	""
30	21	2637	0.891909555622018	2637	0.96419717791673	""
30	22	2522	0.911071053062497	2522	0.930783748136426	""
30	23	2538	0.927472841250138	2538	0.93937321959965	""
30	24	2420	0.91195895848588	2420	0.905767841011999	""
30	25	2514	0.918702412491272	2514	0.945868049206913	""
30	26	2485	0.913869379516562	2485	0.951979697307924	""
30	27	2280	0.910014905194167	2280	0.890394980849972	""
30	28	2270	0.920640427664618	2270	0.908375536357832	""
30	29	2470	0.911734864701163	2470	1.00007823893155	""
30	30	2507	0.902328996610022	2507	1.03766556933382	""
30	31	2462	0.921862462136872	2462	1.03973390603595	""
30	32	2554	0.930882138882985	2554	1.09800130540447	""
30	33	2317	0.910215745512258	2317	1.00348231826597	""
30	34	2332	0.918599125399384	2332	1.02133111173483	""
30	35	2299	0.920113083015112	2299	1.01280622181101	""
30	36	2337	0.932765277824021	2337	1.04279736659164	""
30	37	2244	0.903040295124347	2244	1.00142954173853	""
30	38	2162	0.905711832307998	2162	0.974957742379833	""
30	39	2137	0.922581069834658	2137	0.971450425928612	""
30	40	2192	0.90955756528016	2192	1.01932718459458	""
30	41	2194	0.899283745897541	2194	1.02281064453889	""
30	42	2179	0.919039797775277	2179	1.01963573970313	""
30	43	2203	0.920307246753434	2203	1.01691348283058	""
30	44	2229	0.895562674764285	2229	1.01427140889533	""
30	45	2834	0.901540716837763	2834	1.24830264170652	""
30	46	2764	0.929208196488442	2764	1.16182015371284	""
30	47	2545	0.930030882971474	2545	0.923682451339474	""
30	48	3790	0.910961055954597	3790	1.19899711074989	""
31	1	4489	0.860031532771213	4489	1.03599494524978	""
31	2	2763	0.90610173790905	2763	0.742403887064489	""
31	3	2524	0.860174258101353	2524	0.796308442686607	""
31	4	3047	0.860078713052899	3047	1.01119655130216	""
31	5	2627	0.904001650712535	2627	0.893442335667702	""
31	6	2927	0.899047014070819	2927	1.01203004464245	""
31	7	2815	0.875368212577313	2815	0.974966043137547	""
31	8	3082	0.875400167546768	3082	1.06990258827586	""
31	9	2650	0.899895727536186	2650	0.913151716386791	""
31	10	2873	0.883081007490551	2873	0.983452317448315	""
31	11	2980	0.907874297984431	2980	1.02109469764705	""
31	12	3171	0.868766242412528	3171	1.08676570930066	""
31	13	2801	0.885813643761968	2801	0.952029939758436	""
31	14	3139	0.883766910145638	3139	1.05474755296373	""
31	15	3156	0.879611755026095	3156	1.04501104681229	""
31	16	2998	0.895631629237591	2998	0.988104001488672	""
31	17	2857	0.908857384617321	2857	0.943538353680574	""
31	18	3009	0.858863821161744	3009	0.995295365385583	""
31	19	2577	0.905653571666044	2577	0.846663102187496	""
31	20	2705	0.883338883626803	2705	0.891346281384677	""
31	21	2747	0.876889911728667	2747	0.911022110143903	""
31	22	2841	0.893206238209396	2841	0.95120586996266	""
31	23	2455	0.907595793780006	2455	0.825983288021043	""
31	24	3166	0.883826581983923	3166	1.08108785340706	""
31	25	2898	0.87782143396065	2898	0.9982481200425	""
31	26	3690	0.903447912057699	3690	1.29720824030462	""
31	27	2785	0.909463508650886	2785	1.0005910687041	""
31	28	2794	0.890990225710236	2794	1.0318897232737	""
31	29	2686	0.913074573599922	2686	1.00706921240071	""
31	30	2493	0.916811413736333	2493	0.95823571040139	""
31	31	3472	0.907735962440876	3472	1.36602558219509	""
31	32	3155	0.892615750883291	3155	1.26464571581787	""
31	33	3166	0.907871198407131	3166	1.27935714050511	""
31	34	2649	0.913891605275113	2649	1.08274421022511	""
31	35	2932	0.93499761695863	2932	1.20603244039626	""
31	36	2821	0.904933261320213	2821	1.17560083418357	""
31	37	3160	0.911243350441363	3160	1.3171257960028	""
31	38	3465	0.914822601377436	3465	1.45948717273535	""
31	39	3229	0.910584274192328	3229	1.37163759705282	""
31	40	3562	0.912502041094551	3562	1.54805975505353	""
31	41	2489	0.882442121681348	2489	1.08418313225017	""
31	42	3526	0.887184508484814	3526	1.54138803727701	""
31	43	2456	0.923070626279623	2456	1.05897022583468	""
31	44	2767	0.921341925176661	2767	1.18077183841253	""
31	45	1912	0.876791932284302	1912	0.7927958966883	""
31	46	2480	0.926147352497052	2480	0.984798532232438	""
31	47	1770	0.900119919315976	1770	0.608957919624916	""
31	48	2909	0.730624882471183	2909	0.875162545157324	""
32	1	5136	0.40042158084483	5136	0.984676338194635	""
32	2	2963	0.900542086072658	2963	0.659586806863901	""
32	3	4165	0.840197782512721	4165	1.08540906624869	""
32	4	3563	0.889884439483925	3563	0.973662209510698	""
32	5	4245	0.847433190255655	4245	1.18482041888169	""
32	6	5214	0.849234063409363	5214	1.47411678240542	""
32	7	3739	0.811310482511585	3739	1.05933797850594	""
32	8	3478	0.911320718433966	3478	0.989110477614769	""
32	9	3897	0.878766159254232	3897	1.10012599393947	""
32	10	3816	0.883334547587549	3816	1.06864166332865	""
32	11	3613	0.845551418837237	3613	1.01295292239485	""
32	12	4077	0.721825769497591	4077	1.14376242720419	""
32	13	3710	0.86568656214834	3710	1.03267533274858	""
32	14	4221	0.8750247889928	4221	1.16200277193094	""
32	15	3527	0.871762899856904	3527	0.956176431129463	""
32	16	4810	0.80004798063553	4810	1.29764398793495	""
32	17	3844	0.859730825137865	3844	1.0400405869647	""
32	18	4918	0.804412170304145	4918	1.33364269846041	""
32	19	4376	0.873295005510894	4376	1.17912853253193	""
32	20	4583	0.888810317904758	4583	1.23888604974768	""
32	21	4503	0.847607801518632	4503	1.22553198375689	""
32	22	3861	0.848429584054623	3861	1.0610553107584	""
32	23	3685	0.82996081696662	3685	1.01961054075199	""
32	24	3397	0.879513037083849	3397	0.957282543400394	""
32	25	3905	0.735449702213952	3905	1.11380832407163	""
32	26	3494	0.885687121136325	3494	1.01928046324258	""
32	27	3519	0.858976746123227	3519	1.05165891702287	""
32	28	3410	0.910049450561505	3410	1.05060529227322	""
32	29	2654	0.904478003566162	2654	0.832678209318451	""
32	30	2509	0.88175584451304	2509	0.809247674769418	""
32	31	2567	0.892005648080684	2567	0.850129837768759	""
32	32	2337	0.912088187502584	2337	0.789114977540242	""
32	33	2747	0.901509143915795	2747	0.935788819307304	""
32	34	2286	0.898037632387149	2286	0.78799389706233	""
32	35	2548	0.90335979350907	2548	0.88447786903876	""
32	36	2220	0.909940709157949	2220	0.7810805105484	""
32	37	2493	0.925084458555184	2493	0.877567314468288	""
32	38	2404	0.905929477768618	2404	0.855459966304797	""
32	39	2411	0.9003795430929	2411	0.865712509648994	""
32	40	2409	0.91023099659429	2409	0.88523007483375	""
32	41	2384	0.909024804394982	2384	0.8778818950389	""
32	42	2811	0.922512633253476	2811	1.0386572875055	""
32	43	2474	0.915617954132687	2474	0.901582505319181	""
32	44	2648	0.924866567486892	2648	0.957600416926476	""
32	45	2218	0.891143119168769	2218	0.781429262774254	""
32	46	2451	0.907105741947945	2451	0.82905486314698	""
32	47	2770	0.899186874822892	2770	0.813707614471788	""
32	48	3896	0.536272700998586	3896	1.00298027342762	""
